cross_validation_fold,growth_run_id,method,island_feature_mae_z,island_feature_rmse_z,afm_prior_mahalanobis,held_real_afm_prior_mahalanobis,afm_likeness_percentile,held_real_likeness_percentile,boundary_ratio_q70_absolute_error,median_area_q70_log_absolute_error,component_count_q70_log_absolute_error,generated__log_component_count_q55,true__log_component_count_q55,generated__log_component_count_q70,true__log_component_count_q70,generated__log_component_count_q82,true__log_component_count_q82,generated__log_median_area_q55,true__log_median_area_q55,generated__log_median_area_q70,true__log_median_area_q70,generated__log_median_area_q82,true__log_median_area_q82,generated__median_solidity_q70,true__median_solidity_q70,generated__median_eccentricity_q70,true__median_eccentricity_q70,generated__boundary_gradient_ratio_q55,true__boundary_gradient_ratio_q55,generated__boundary_gradient_ratio_q70,true__boundary_gradient_ratio_q70,generated__boundary_gradient_ratio_q82,true__boundary_gradient_ratio_q82,generated__log_valley_component_count_q18,true__log_valley_component_count_q18,generated__log_valley_median_area_q18,true__log_valley_median_area_q18,generated__gradient_p90,true__gradient_p90,generated__laplacian_rms,true__laplacian_rms,generated__flat_fraction,true__flat_fraction
0,6028,M5_cloudlike_spectral_hybrid,1.7989145764041674,2.3622866302542755,7.503926492242586,2.9622902259698,6.666666666666667,66.66666666666667,0.12666010856628418,1.5011640600561709,0.0015455962848363036,2.2499048351651325,2.3978952727983707,2.888826161611328,2.8903717578961645,2.967447097809794,2.833213344056216,3.1883634739493134,5.111987788356544,3.208366141256163,4.709530201312334,3.569433499972762,4.48863636973214,0.8731867322480775,0.8953145917001338,0.8218630692362381,0.816496580927726,1.2233712673187256,1.3104304075241089,1.228423833847046,1.1017637252807617,1.2126818299293518,1.0615882873535156,2.8262445901343254,3.6109179126442243,3.0529543407494253,3.817712325956905,0.41731445491313934,0.5960701107978821,0.18979869782924652,0.2374238669872284,0.074493408203125,0.16900634765625
0,6028,M10_dense_island_spectral_pareto,1.7832013362794714,2.1100536480877214,7.457820362738382,2.9622902259698,6.666666666666667,66.66666666666667,0.37387531995773315,0.8435648403380904,0.28836841435776694,2.1383330595080277,2.3978952727983707,2.6020033435383976,2.8903717578961645,2.9700856263602153,2.833213344056216,3.6199662956602348,5.111987788356544,3.8659653609742435,4.709530201312334,3.7273599746820008,4.48863636973214,0.9240766073871409,0.8953145917001338,0.7846255807701503,0.816496580927726,1.437398076057434,1.3104304075241089,1.4756390452384949,1.1017637252807617,1.3627850413322449,1.0615882873535156,2.8903717578961645,3.6109179126442243,4.115022155063057,3.817712325956905,0.4504862576723099,0.5960701107978821,0.1747797429561615,0.2374238669872284,0.119964599609375,0.16900634765625
1,6029,M5_cloudlike_spectral_hybrid,1.2948326813819695,1.6694331358314418,8.001301115163608,2.9365055408958605,6.666666666666667,80.0,0.10996383428573608,0.8911421411227662,0.027033610635137872,2.1972245773362196,2.4849066497880004,2.9174053685313024,2.8903717578961645,3.258096538021482,3.044522437723423,3.024866727615979,4.543294782270004,3.7435868471068696,4.634728988229636,3.3961722137354045,4.204692619390966,0.8660723581467986,0.8585365853658536,0.8424277362589603,0.8168899108266634,1.200778841972351,1.3746683597564697,1.1871716380119324,1.2971354722976685,1.1752986907958984,1.1882182359695435,2.908555579981602,3.6375861597263857,3.496048213707944,3.676300671907076,0.4452989995479584,0.5702724456787109,0.21234209835529327,0.25343936681747437,0.067657470703125,0.10955810546875
1,6029,M10_dense_island_spectral_pareto,0.9579054508618376,1.215974667599172,4.405958222380727,2.9365055408958605,33.333333333333336,80.0,0.07073503732681274,0.8071520510426367,0.048496132993655294,2.3502401828962083,2.4849066497880004,2.93886789088982,2.8903717578961645,3.1513094878724526,3.044522437723423,3.480410999959415,4.543294782270004,3.827576937186999,4.634728988229636,3.925441332404926,4.204692619390966,0.8903376436781609,0.8585365853658536,0.7975273519582338,0.8168899108266634,1.3728445172309875,1.3746683597564697,1.3678705096244812,1.2971354722976685,1.3684451580047607,1.1882182359695435,2.9444389791664403,3.6375861597263857,3.4667115128653574,3.676300671907076,0.46380580961704254,0.5702724456787109,0.1852780431509018,0.25343936681747437,0.113006591796875,0.10955810546875
2,6047,M5_cloudlike_spectral_hybrid,1.4802093737707787,1.9381675707618764,7.6956915683244365,4.063601437418675,6.666666666666667,33.333333333333336,0.1249743103981018,1.2385033372674226,0.0312601784906672,2.772588722239781,2.1383330595080277,3.4175922930736506,3.448852471564318,3.6622449896742664,3.5614333292995415,3.037673015544342,4.526784798013117,3.318301254240783,4.556804591508206,3.06561324474157,3.9845923882612655,0.9101978691019786,0.8736479842674533,0.809388528033496,0.8174339980922729,1.1298934817314148,1.2793259024620056,1.0497635006904602,1.174737811088562,1.0133917927742004,1.1723089814186096,3.7256208424938384,3.7494348669884654,3.2430803944720443,3.6372397793869355,0.5616661310195923,0.6723582446575165,0.3068680763244629,0.307731568813324,0.04412841796875,0.091400146484375
2,6047,M10_dense_island_spectral_pareto,1.5142667220499186,1.735567563013279,6.438357459868581,4.063601437418675,6.666666666666667,33.333333333333336,0.16344058513641357,0.9221703417276466,0.5402968915827158,2.302585092994046,2.1383330595080277,2.908555579981602,3.448852471564318,3.257356345436265,3.5614333292995415,2.76669474436376,4.526784798013117,3.634634249780559,4.556804591508206,3.433466642230941,3.9845923882612655,0.9121662852784135,0.8736479842674533,0.7412809287836319,0.8174339980922729,1.347635805606842,1.2793259024620056,1.3381783962249756,1.174737811088562,1.2938265204429626,1.1723089814186096,3.257356345436265,3.7494348669884654,3.3649120352447377,3.6372397793869355,0.49055851995944977,0.6723582446575165,0.22129669040441513,0.307731568813324,0.075347900390625,0.091400146484375
3,6048,M5_cloudlike_spectral_hybrid,1.818655479654651,2.1002814942868717,10.650932155879449,4.061601089128727,6.666666666666667,33.333333333333336,0.11692100763320923,1.0955727656299183,1.1343417706591823,2.2499048351651325,2.470821211304652,1.9356005054539454,3.0699422761131276,1.791759469228055,2.6390573296152584,3.3667009459186796,3.908006919579514,2.8995463272302633,3.9951190928601816,3.728660365532029,4.185505340619078,0.9583333333333333,0.9097899820812817,0.778532073758438,0.8222538493179932,1.3586631417274475,1.411636233329773,1.4395663738250732,1.322645366191864,1.4763419032096863,1.2780503630638123,2.6364997792818734,3.2180751841847135,4.2553863118066575,3.1558674045764574,0.29767684638500214,0.4978726953268051,0.11490623280405998,0.2293153628706932,0.154876708984375,0.12640380859375
3,6048,M10_dense_island_spectral_pareto,1.4080572091098398,1.6506187891031445,7.45055448313679,4.061601089128727,6.666666666666667,33.333333333333336,0.257640540599823,0.011045915445157206,0.7197020932169194,2.1383330595080277,2.470821211304652,2.3502401828962083,3.0699422761131276,2.4337672252277915,2.6390573296152584,3.0790188734668984,3.908006919579514,3.9840731774150244,3.9951190928601816,3.9211393895586757,4.185505340619078,0.9084943389849602,0.9097899820812817,0.7554922533454002,0.8222538493179932,1.61053067445755,1.411636233329773,1.580285906791687,1.322645366191864,1.456854522228241,1.2780503630638123,2.470821211304652,3.2180751841847135,3.348517123833242,3.1558674045764574,0.3927508741617203,0.4978726953268051,0.14430025219917297,0.2293153628706932,0.2047119140625,0.12640380859375
4,6057,M5_cloudlike_spectral_hybrid,2.5435786382037824,2.8320676095700543,8.316370602518614,2.841531394644024,6.666666666666667,93.33333333333333,0.3013727366924286,1.1411911928382636,0.8997708048350552,2.9907071056272403,2.4849066497880004,3.6723595270748364,2.772588722239781,3.951058773138224,2.4849066497880004,2.908555579981602,4.564348191467836,3.1073040492110957,4.248495242049359,3.1230533827407814,4.04305126783455,0.8671554552912223,0.8947368421052632,0.8264571375067431,0.8291777847839392,1.0775968432426453,1.4109982252120972,0.9899349510669708,1.2913076877593994,0.9132638871669769,1.274935245513916,4.060294355870135,3.5553480614894135,3.109549001847522,3.5263605246161616,0.6591436862945557,0.5302990674972534,0.41445113718509674,0.22223392128944397,0.036773681640625,0.1640625
4,6057,M10_dense_island_spectral_pareto,1.3558435931551114,1.6917941654749897,5.7633150286916575,2.841531394644024,13.333333333333334,93.33333333333333,0.09064459800720215,0.9169288940539575,0.5771614478410578,2.470821211304652,2.4849066497880004,3.349750170080839,2.772588722239781,3.3667009459186796,2.4849066497880004,3.1513094878724526,4.564348191467836,3.331566347995402,4.248495242049359,3.321894866573836,4.04305126783455,0.891048951048951,0.8947368421052632,0.7907125882272521,0.8291777847839392,1.2665215134620667,1.4109982252120972,1.2006630897521973,1.2913076877593994,1.1877843141555786,1.274935245513916,3.349750170080839,3.5553480614894135,3.275540167521702,3.5263605246161616,0.5266725122928619,0.5302990674972534,0.2605290859937668,0.22223392128944397,0.061309814453125,0.1640625
5,6062,M5_cloudlike_spectral_hybrid,1.7109277279857378,1.9452143057283942,7.963003021350313,4.606336838313517,6.666666666666667,26.666666666666668,0.10761857032775879,1.0488203720353342,0.6940861479720457,2.381086967398878,2.7647145437557112,2.9944807084449314,3.688566856416977,3.131699131295812,3.9112223647446593,3.1073040492110957,4.544538142241572,3.251395022957812,4.300215394993146,3.293775007412398,3.6762205501217915,0.9002508960573476,0.8850949002106108,0.8364210392109663,0.816496580927726,1.2245460152626038,1.1429699063301086,1.1572641730308533,1.0496456027030945,1.1508306860923767,1.0124460756778717,3.275540167521702,4.127134385045092,3.0742341479588235,3.295836866004329,0.45880866050720215,0.7587121725082397,0.2211126908659935,0.37602052092552185,0.0576171875,0.07135009765625
5,6062,M10_dense_island_spectral_pareto,2.257350505005824,2.545602198409436,6.724992598872404,4.606336838313517,6.666666666666667,26.666666666666668,0.2880076766014099,0.8858593591723043,0.855353512360761,2.2975599250672953,2.7647145437557112,2.833213344056216,3.688566856416977,2.850221786695343,3.9112223647446593,3.622113757801675,4.544538142241572,3.414356035820842,4.300215394993146,3.425592463746871,3.6762205501217915,0.9005952380952381,0.8850949002106108,0.8257658760056679,0.816496580927726,1.3993898034095764,1.1429699063301086,1.3376532793045044,1.0496456027030945,1.3421630263328552,1.0124460756778717,3.090008326826286,4.127134385045092,3.801075839471257,3.295836866004329,0.45838937163352966,0.7587121725082397,0.18541686236858368,0.37602052092552185,0.097808837890625,0.07135009765625
6,6063,M5_cloudlike_spectral_hybrid,1.8012458721685074,2.563817158283507,8.95700329695165,3.6401509171779227,6.666666666666667,46.666666666666664,0.05831271409988403,1.340476614184186,0.21808884739784729,2.3937458713910233,2.2499048351651325,3.1354942159291497,2.9174053685313024,3.295150524098343,2.799210979499187,2.9472014171324252,5.307409201764852,3.2769667020129054,4.617443316197091,2.9944807084449314,4.269672998028685,0.8723739495798319,0.8689091591052376,0.8122972920910221,0.8057907182954336,1.134604573249817,1.3060856461524963,1.116465985774994,1.174778699874878,1.0996272563934326,1.0598734617233276,3.383095857330175,3.6635616461296463,3.383095857330175,3.8968964838426357,0.5026993602514267,0.6568038463592529,0.25473326444625854,0.2535117566585541,0.0567626953125,0.194793701171875
6,6063,M10_dense_island_spectral_pareto,1.5062234338336382,1.9392427004254567,5.357129020287905,3.6401509171779227,13.333333333333334,46.666666666666664,0.15755856037139893,0.8107808264267717,0.14481664629152124,2.2499048351651325,2.2499048351651325,2.772588722239781,2.9174053685313024,3.017740716262378,2.799210979499187,3.4900379702808815,5.307409201764852,3.8066624897703196,4.617443316197091,3.508753071470628,4.269672998028685,0.8675213675213675,0.8689091591052376,0.7980077872190781,0.8057907182954336,1.373591423034668,1.3060856461524963,1.3323372602462769,1.174778699874878,1.327750325202942,1.0598734617233276,3.1073040492110957,3.6635616461296463,3.5642479728400183,3.8968964838426357,0.4723840653896332,0.6568038463592529,0.20031758397817612,0.2535117566585541,0.08905029296875,0.194793701171875
7,6070,M5_cloudlike_spectral_hybrid,1.3141840464030659,1.5373149511368405,7.3793567331152055,3.358151029404008,6.666666666666667,60.0,0.19595086574554443,0.5713217070646568,0.49126424438234295,2.770631772579213,2.6390573296152584,3.535786682105766,3.044522437723423,3.6762205501217915,2.995732273553991,3.214456350534599,4.07753744390572,3.398970206487465,3.970291913552122,3.2930858274273374,3.912023005428146,0.8805147058823529,0.8464560862865947,0.8084989895166745,0.8337788470424282,1.1235908269882202,1.3340023756027222,1.042008876800537,1.2379597425460815,1.0086050629615784,1.1834946870803833,3.6762205501217915,3.7612001156935624,3.2283848277860816,3.367295829986474,0.5650143027305603,0.6153777837753296,0.3130210041999817,0.33025437593460083,0.042999267578125,0.12054443359375
7,6070,M10_dense_island_spectral_pareto,1.006486222230583,1.1486623291830282,5.409133248246235,3.358151029404008,13.333333333333334,60.0,0.08979189395904541,0.5204303599096858,0.17947254623663556,2.772588722239781,2.6390573296152584,2.8650498914867875,3.044522437723423,3.039966597547795,2.995732273553991,3.1892130918257933,4.07753744390572,3.449861553642436,3.970291913552122,3.5670468605964327,3.912023005428146,0.873991935483871,0.8464560862865947,0.7795641508770463,0.8337788470424282,1.329768717288971,1.3340023756027222,1.327751636505127,1.2379597425460815,1.2957638502120972,1.1834946870803833,3.1345481418531307,3.7612001156935624,3.2610463990850764,3.367295829986474,0.48360125720500946,0.6153777837753296,0.21711193770170212,0.33025437593460083,0.080230712890625,0.12054443359375
8,6072,M5_cloudlike_spectral_hybrid,1.4723949557459513,1.8633701273483434,6.811003653824097,3.4017907805307295,13.333333333333334,60.0,0.016469359397888184,0.4546851445147908,0.9830564281864165,2.4849066497880004,2.995732273553991,2.7058230259275198,3.6888794541139363,2.908555579981602,3.6635616461296463,3.1269144057877365,4.204692619390966,3.6396594177073096,4.0943445622221,3.5371642394039764,3.8394523125933104,0.8732221998388396,0.8695652173913043,0.7846654723913717,0.8287986473470603,1.207873821258545,1.2691538333892822,1.2158384323120117,1.1993690729141235,1.1731649041175842,1.1319022178649902,2.9907071056272403,4.02535169073515,3.535786682105766,3.4965075614664802,0.4223209023475647,0.7323590517044067,0.19389940053224564,0.3884928226470947,0.075836181640625,0.0782470703125
8,6072,M10_dense_island_spectral_pareto,2.1249866733201594,2.3770675607930243,6.662205797044684,3.4017907805307295,13.333333333333334,60.0,0.205641508102417,1.0287313174805304,0.934185285799948,1.9944920232821373,2.995732273553991,2.7546941683139883,3.6888794541139363,2.9700856263602153,3.6635616461296463,3.6632328069201607,4.204692619390966,3.06561324474157,4.0943445622221,3.6697688477038373,3.8394523125933104,0.8999999999999999,0.8695652173913043,0.7515897210814886,0.8287986473470603,1.3618051409721375,1.2691538333892822,1.4050105810165405,1.1993690729141235,1.3926801681518555,1.1319022178649902,2.8262445901343254,4.02535169073515,3.2067294785836786,3.4965075614664802,0.4359716475009918,0.7323590517044067,0.17555638402700424,0.3884928226470947,0.119293212890625,0.0782470703125
9,6078,M5_cloudlike_spectral_hybrid,1.265744743699222,1.4281881060398474,7.831707620999733,1.990197942378062,6.666666666666667,100.0,0.18357622623443604,0.8047497434465174,0.08017132503758972,2.5619819897016294,2.8314802400679726,3.1967953769753157,3.2769667020129054,3.5263605246161616,3.218075184184714,3.341054298724904,4.159858693425303,3.349750170080839,4.154499913527356,3.3423058638339636,3.7187503938003195,0.8461405529953917,0.8770796655943811,0.8258250342189133,0.7872921628592076,1.1548362970352173,1.3220818638801575,1.0863716006278992,1.2699478268623352,1.046794593334198,1.2696447372436523,3.384246605824315,3.848106319673204,3.464636061222193,3.233849363052177,0.5151664018630981,0.5948836952447891,0.27241988480091095,0.3078731819987297,0.04840087890625,0.094146728515625
9,6078,M10_dense_island_spectral_pareto,0.8747076677907043,1.0638257932379835,3.9756381150957902,1.990197942378062,33.333333333333336,100.0,0.04487955570220947,0.6007871764720041,0.4595719004282808,2.5375869076169133,2.8314802400679726,2.8173948015846246,3.2769667020129054,3.113268334643733,3.218075184184714,3.50605764715319,4.159858693425303,3.5537127370553523,4.154499913527356,3.9135207599180455,3.7187503938003195,0.9049753473778575,0.8770796655943811,0.7564047000094807,0.7872921628592076,1.3323854804039001,1.3220818638801575,1.3148273825645447,1.2699478268623352,1.3020458817481995,1.2696447372436523,3.113268334643733,3.848106319673204,3.218075184184714,3.233849363052177,0.4699825346469879,0.5948836952447891,0.20710588991641998,0.3078731819987297,0.089752197265625,0.094146728515625
10,6082,M5_cloudlike_spectral_hybrid,1.6769304348397027,1.9875699423901425,7.9848617343744435,3.0782061920579897,6.666666666666667,80.0,0.04912024736404419,1.3276292413032644,0.8660879859600152,2.1972245773362196,2.70805020110221,2.567899218525131,3.4339872044851463,2.5529727369502906,3.6375861597263857,2.9271776665677876,4.400603020246817,3.2156655409667394,4.543294782270004,3.5614333292995415,3.871201010907891,0.8738069989395546,0.8888888888888888,0.8182702297472557,0.7516060590292841,1.2756733894348145,1.3123359680175781,1.2849681973457336,1.2358479499816895,1.275048553943634,1.153851866722107,2.6735537653587342,3.6635616461296463,3.332204510175204,3.4339872044851463,0.35574203729629517,0.5832881927490234,0.15016351640224457,0.2570411264896393,0.103912353515625,0.0675048828125
10,6082,M10_dense_island_spectral_pareto,1.8332602581710316,1.9910246364952366,6.4119768883963575,3.0782061920579897,6.666666666666667,80.0,0.2248745560646057,0.8445140145079777,0.9155109032783315,2.0794415416798357,2.70805020110221,2.5184763012068148,3.4339872044851463,2.6020033435383976,3.6375861597263857,4.081685658229956,4.400603020246817,3.698780767762026,4.543294782270004,3.657775501214292,3.871201010907891,0.902324531393276,0.8888888888888888,0.787736289679805,0.7516060590292841,1.4975197315216064,1.3123359680175781,1.4607225060462952,1.2358479499816895,1.4191770553588867,1.153851866722107,2.6364997792818734,3.6635616461296463,3.846512874208944,3.4339872044851463,0.41387294232845306,0.5832881927490234,0.16065506637096405,0.2570411264896393,0.159698486328125,0.0675048828125
11,6084,M5_cloudlike_spectral_hybrid,1.3124487323353655,1.5659514930418335,7.075750151809458,5.010027918858419,13.333333333333334,13.333333333333334,0.058396100997924805,0.19023190295137393,0.9095792217080847,2.2975599250672953,3.0546237913821823,2.418140953475739,3.3277201751838237,2.6735537653587342,3.176314698159783,3.0044065927212973,3.71638981107397,3.425592463746871,3.615824366698245,3.7129768285387703,3.4394206344087475,0.9252232142857143,0.9420504385964912,0.7838115371960783,0.6917321059162159,1.2394281029701233,1.3115015625953674,1.2683994770050049,1.3267955780029297,1.2337685227394104,1.3499606847763062,2.943052015725078,3.364314306542351,3.097202695552336,2.9540414690844656,0.36520007252693176,0.5056870430707932,0.15415457636117935,0.24071034044027328,0.09759521484375,0.09844970703125
11,6084,M10_dense_island_spectral_pareto,1.861034492796102,2.2260988816210574,6.109916942951387,5.010027918858419,13.333333333333334,13.333333333333334,0.09260499477386475,0.25341969454907787,0.6989724891699329,2.0715673631957663,3.0546237913821823,2.6287476860138907,3.3277201751838237,2.5249280036247685,3.176314698159783,3.614919389075625,3.71638981107397,3.869244061247323,3.615824366698245,3.8158370591044184,3.4394206344087475,0.8704092748210395,0.9420504385964912,0.8437568060640077,0.6917321059162159,1.4922751784324646,1.3115015625953674,1.4194005727767944,1.3267955780029297,1.3706436157226562,1.3499606847763062,2.585241997519076,3.364314306542351,3.6305247573806962,2.9540414690844656,0.4104740619659424,0.5056870430707932,0.15599972754716873,0.24071034044027328,0.15277099609375,0.09844970703125
12,6085,M5_cloudlike_spectral_hybrid,1.3689930462764646,1.8122053315335793,8.464457040187591,2.9924409722664036,6.666666666666667,73.33333333333333,0.0639600157737732,1.112440459329986,0.8431994767851143,2.302585092994046,2.8617925509761903,2.2499048351651325,3.093104311950247,2.5053176470481278,2.92177220851568,3.170179651863876,4.73307235276497,3.2228599096927892,4.335300369022775,3.091042453358316,3.8828905513621583,0.9392485223754573,0.9299349632081988,0.780411779994415,0.7779849493156217,1.3216710686683655,1.3093021512031555,1.3067749738693237,1.2428149580955505,1.3360722064971924,1.178954839706421,2.4814223151299535,3.262514828921731,3.559817819008818,3.5187334427518975,0.34343816339969635,0.464388906955719,0.14522932469844818,0.18863289058208466,0.112823486328125,0.11212158203125
12,6085,M10_dense_island_spectral_pareto,1.607749235974171,2.004057241571494,7.340818148179296,2.9924409722664036,6.666666666666667,73.33333333333333,0.31247884035110474,0.2620182699510103,0.5746280107434321,1.791759469228055,2.8617925509761903,2.5184763012068148,3.093104311950247,2.5649493574615367,2.92177220851568,3.310036603265178,4.73307235276497,4.073282099071765,4.335300369022775,4.052729235147239,3.8828905513621583,0.9255230004623208,0.9299349632081988,0.802884539530733,0.7779849493156217,1.474076271057129,1.3093021512031555,1.5552937984466553,1.2428149580955505,1.5387980937957764,1.178954839706421,2.7403194616709956,3.262514828921731,3.8750920811289182,3.5187334427518975,0.40394359827041626,0.464388906955719,0.152986578643322,0.18863289058208466,0.169464111328125,0.11212158203125
13,6090,M5_cloudlike_spectral_hybrid,1.4919260847992224,1.797815619465877,10.087817926513148,6.53527744516666,6.666666666666667,6.666666666666667,0.03348195552825928,1.2055184006107722,0.08004270767353638,2.2499048351651325,2.4849066497880004,2.4849066497880004,2.5649493574615367,2.596478425445105,1.791759469228055,3.4148968687562125,4.102643365036796,2.888826161611328,4.0943445622221,2.9994682809733417,3.8918202981106265,0.9,0.9411764705882353,0.7974790206566907,0.706765851867275,1.2655484676361084,1.2998409271240234,1.238861322402954,1.2723432779312134,1.2577344179153442,1.3477648496627808,2.770631772579213,2.3978952727983707,3.0546237913821823,3.3141860046725258,0.38967426121234894,0.3164046108722687,0.17025507241487503,0.12113367766141891,0.09075927734375,0.18109130859375
13,6090,M10_dense_island_spectral_pareto,1.4846094086208095,1.7136190527658755,7.834638718692623,6.53527744516666,6.666666666666667,6.666666666666667,0.16410917043685913,0.3935000446831456,0.07155042182033666,1.868834809141684,2.4849066497880004,2.6364997792818734,2.5649493574615367,2.8903717578961645,1.791759469228055,3.21162348176676,4.102643365036796,3.700844517538955,4.0943445622221,3.7831555073862315,3.8918202981106265,0.8811538461538462,0.9411764705882353,0.8077110374541622,0.706765851867275,1.4812334775924683,1.2998409271240234,1.4364524483680725,1.2723432779312134,1.3402724266052246,1.3477648496627808,2.6364997792818734,2.3978952727983707,3.6625744789777874,3.3141860046725258,0.42447929084300995,0.3164046108722687,0.16662166267633438,0.12113367766141891,0.13787841796875,0.18109130859375
14,6095,M5_cloudlike_spectral_hybrid,2.2570639996381554,2.7451248356308553,8.305628881252675,4.526351218237921,6.666666666666667,26.666666666666668,0.24797725677490234,1.691676972504558,0.6105662123043811,2.2975599250672953,2.70805020110221,2.5249280036247685,3.1354942159291497,2.736135336835737,3.1780538303479458,3.2204732703164605,5.1647859739235145,2.943052015725078,4.634728988229636,3.1608335853578,4.276666119016055,0.9091836734693878,0.9153225806451613,0.8053814487486842,0.8232139705092951,1.2448700070381165,1.1877989768981934,1.2817178964614868,1.0337406396865845,1.3173611164093018,0.9568137526512146,2.8617925509761903,3.258096538021482,3.1892130918257933,3.784189633918261,0.3766254186630249,0.6300324201583862,0.17191243916749954,0.23411968350410461,0.09051513671875,0.191162109375
14,6095,M10_dense_island_spectral_pareto,2.1769732876465184,2.817949420150938,7.223645556087656,4.526351218237921,6.666666666666667,26.666666666666668,0.40174180269241333,1.372580862661342,0.46194045057041544,2.2499048351651325,2.70805020110221,2.6735537653587342,3.1354942159291497,2.6364997792818734,3.1780538303479458,3.7336855334587797,5.1647859739235145,3.262148125568294,4.634728988229636,4.00542873646155,4.276666119016055,0.9186813186813187,0.9153225806451613,0.7866021473358012,0.8232139705092951,1.4704622030258179,1.1877989768981934,1.4354824423789978,1.0337406396865845,1.5423868298530579,0.9568137526512146,2.8617925509761903,3.258096538021482,3.8537560973001703,3.784189633918261,0.4284233897924423,0.6300324201583862,0.1696608066558838,0.23411968350410461,0.139251708984375,0.191162109375
