anonymous_review_id,spot_detection,row_grouping,lattice_indexing,missing_site_handling,adjacent_pair_selection,pair_corridors,background_correction,overall_measurement,severe_saturation,severe_background_artifact,severe_crop,unusable_pattern,reviewer_notes
RPSA_AA_ikicmgid,partial,fail,fail,uncertain,fail,fail,partial,fail,yes,yes,yes,no,"Only the strongest spots are detected; plausible horizontal counterparts are missed. Detected spots are mostly assigned as separate rows/sites, so no useful adjacent-pair measurement is produced. Background correction introduces strong contour/ringing artifacts. Raw pattern remains visually interpretable."
RPSA_AB_gaenbmbn,partial,fail,fail,uncertain,fail,fail,partial,fail,uncertain,yes,yes,no,"Most bright spots are found, but duplicate/overlapping labels and one-spot-per-row behavior indicate incorrect row/lattice inference. Several visible two-column structures are not converted into reliable adjacent pairs. Strong diffuse halo and right-edge crop remain."
RPSA_AC_cemjegco,partial,fail,fail,uncertain,fail,fail,partial,fail,no,yes,yes,no,"Several real spots are detected, but labels overlap around central/right features and do not form physically plausible horizontal rows or lattice sequences. Background subtraction leaves strong banding/contours. Pattern is usable for human inspection but not for the frozen automated measurement."
RPSA_AD_jcmajlff,fail,fail,fail,uncertain,fail,fail,partial,fail,uncertain,yes,yes,no,"The detector retains only a few right-edge maxima while missing multiple visible inner spots. Consequently row, lattice, pair, and corridor outputs are not representative. The broad illumination gradient dominates the corrected image."
RPSA_AE_ggajacin,partial,fail,fail,uncertain,partial,partial,fail,fail,yes,yes,yes,no,Strong overexposure and left-side halo produce clustered/overlapping detections. The reviewed pair uses a right endpoint that is not a distinct visible spot. Background correction is unstable near the bright field and image edge.
RPSA_AF_cdlmlill,partial,fail,fail,uncertain,partial,partial,partial,fail,uncertain,yes,yes,no,"Prominent spots are detected, but row/site labels are crowded and inconsistent, with several detections concentrated around the same broad feature. Some local pairs may be measurable, but the global row/lattice reconstruction is unreliable."
RPSA_AG_baoiigch,partial,fail,fail,uncertain,partial,partial,fail,fail,yes,yes,yes,no,"Several useful local pairs are present, but the full QC overlay shows duplicated/crowded labels and incorrect row/lattice organization. The displayed background-corrected panel is nearly washed out, indicating severe correction/display instability. Pair-level review remains possible for selected crops."
RPSA_AH_nkdpolif,partial,partial,fail,uncertain,partial,partial,partial,partial,yes,yes,yes,no,"This is the strongest of the supplied QC examples: multiple real spot pairs and horizontal bands are detected. However, overlapping labels, duplicate-looking detections, and inconsistent lattice indices remain. Several pair corridors are usable, while at least one low-signal pair is not."
RPSA_AI_oemcpgpf,fail,fail,fail,uncertain,fail,fail,fail,fail,yes,yes,yes,uncertain,"The frame is heavily washed out. Detections and r:k labels cluster along the right edge, many visible structures are missed or merged, and no trustworthy pair topology is apparent. Human morphology judgment is possible only with low confidence."
RPSA_AJ_kkcocpbj,partial,fail,fail,uncertain,partial,partial,partial,fail,no,yes,yes,no,"The full QC page confirms that several prominent spots are detected, but detections and r:k labels overlap around broad right-side features and the inferred rows/lattice sites are not physically consistent. A few local pair crops remain judgeable, but the frozen full-image topology and sample-level adhesion aggregation are not reliable. Background correction shows strong contour/ringing artifacts and the right-side pattern is cropped."
RPSA_AK_gpoglmif,partial,fail,fail,uncertain,partial,partial,partial,fail,no,yes,yes,no,"Most bright spots are visually present and many are detected, but several broad spots receive duplicate/overlapping labels and the inferred row/site indices are inconsistent. The more isolated real pattern is not converted into trustworthy adjacent-pair topology. Local measurements may be possible after manual filtering, but the frozen sample-level measurement fails. Background correction remains visibly contoured and the right edge is cropped."
RPSA_AL_cednjlle,fail,fail,fail,uncertain,fail,fail,partial,fail,yes,yes,yes,no,Most visible diffraction spots are not represented by reliable detections. The overlay concentrates several labels near one top-right feature and produces no trustworthy adjacent-pair topology. Background correction has strong contour/ringing artifacts. The raw pattern remains human-interpretable.
RPSA_AM_ignmbald,partial,fail,fail,uncertain,partial,partial,fail,partial,yes,yes,yes,no,"Several true bright features are detected, and a few local pair proposals are plausible, but detections and r:k labels are crowded or duplicated around broad streaks. Global row/lattice reconstruction is unreliable. The corrected panel is strongly washed out and contoured."
RPSA_AN_kkpegilo,partial,fail,fail,uncertain,partial,partial,fail,fail,yes,yes,yes,no,"Multiple real spots are found, but several labels overlap around the same broad maxima and many physical rows are not recovered consistently. Pair topology and site indexing are not dependable. Strong diffuse illumination and contour artifacts remain after correction."
RPSA_AO_jfhdfopo,partial,partial,fail,uncertain,partial,partial,partial,partial,no,yes,yes,no,"Most prominent two-column spot structures are detected and some same-row grouping is plausible. However, site indices are inconsistent, duplicate labels occur near lower rows, and only a subset of adjacent pairs is trustworthy. Background correction is usable but visibly contoured."
RPSA_AP_hkhclmge,fail,fail,fail,uncertain,fail,fail,fail,fail,yes,yes,yes,no,"The image is strongly washed out and only a small fraction of visible spots is retained. The recovered rows/sites do not represent the full pattern, and no reliable adjacent-pair measurement is apparent. Human visual inspection remains possible but with low contrast."
RPSA_AQ_hobhbdmi,partial,partial,fail,uncertain,partial,partial,partial,partial,no,yes,yes,no,"Many true spots are detected and several row relationships are plausible, but duplicate/overlapping labels and inconsistent site indices remain. Some local pairs may be usable; the complete row-lattice representation is not reliable."
RPSA_AR_jajjnhge,partial,partial,fail,uncertain,partial,partial,partial,partial,uncertain,yes,yes,no,"The full QC view confirms several genuine spot rows and some usable local pairs. Nevertheless, clustered labels, duplicate-looking detections, and inconsistent lattice indices make the global measurement unreliable. Strong halo remains around the right-side features."
RPSA_AS_gcncpghp,partial,partial,fail,uncertain,partial,partial,partial,partial,no,yes,yes,no,"Most prominent features are represented, but several physical rows contain overlapping labels and implausible site-index assignments. A limited number of local pair proposals are plausible; global quantitative adhesion remains uncertain."
RPSA_AT_ahnabkeh,partial,partial,fail,uncertain,partial,partial,partial,partial,no,yes,yes,no,"The detector captures a meaningful subset of visible spots and some same-row relationships, but repeated labels and inconsistent k indices remain. Local pair measurements may be usable after filtering; the frozen full-pattern reconstruction is not dependable."
RPSA_AU_ghfpcpef,partial,fail,fail,uncertain,partial,partial,fail,fail,yes,yes,yes,no,"The pattern is heavily washed out and labels cluster around broad central/right features. Some pair crops remain visually interpretable, but full-image row and lattice inference is not reliable. Background correction retains strong contouring and diffuse contamination."
RPSA_AV_labgkhbe,partial,partial,fail,uncertain,partial,partial,partial,partial,no,yes,yes,no,"A substantial subset of spots is correctly localized and several local row relationships are plausible. Site indices and duplicate detections remain inconsistent, so only selected local pairs—not the whole pattern—appear usable."
RPSA_AW_caaiphfb,partial,partial,partial,uncertain,partial,partial,fail,partial,yes,yes,yes,no,"Despite strong washout, several rows receive plausible paired site assignments and at least one lower pair corridor appears coherent. Other spots are missed and the corrected image is unstable. This is only partially usable."
RPSA_AX_immkljfi,partial,partial,fail,uncertain,partial,partial,partial,partial,no,yes,yes,no,"The more isolated spot pattern is largely visible to the detector, but many spots are assigned as separate rows/sites and several pair relations are missed or indexed implausibly. Some local measurements remain possible."
RPSA_AY_kfiiknbk,partial,partial,fail,uncertain,partial,partial,partial,partial,yes,yes,yes,no,"The full image contains strong horizontal streak/bridge structures, and some selected local pairs are meaningful. However, labels cluster on broad features and lattice indices are inconsistent; the frozen global topology remains unreliable."
