outer_held_growth_group,inner_held_growth_group,true_target,raw_predicted_target,predicted_log_target,head_disagreement_log,nearest_training_rheed_distance,maximum_absolute_robust_z,training_fit_median_log_residual,predicted_target,absolute_error
6022,6028,6.072564601898193,6.088071676635299,1.806331393919004,0.8389867674639124,1.5565849405018937,5.942978200798251,0.15507812990072845,5.052238499803628,1.0203261020945655
6022,6029,2.561024904251098,2.9129290864241923,1.0691591338513189,0.18832459013944813,1.6542953779368657,9.127466994166374,0.158992931440753,2.6743351346421314,0.11331023039103316
6022,6033,2.5392112094198453,7.575046500980085,2.0248594901198365,0.041707652376191895,0.9412249892733129,2.80989742583855,0.06354991512808761,6.35147823057367,3.8122670211538243
6022,6047,3.066597064069266,3.6068074775044603,1.2828230258100528,0.10839584733961893,0.9414627792273746,2.3752456217531397,0.17220342339206374,3.2238665505347996,0.15726948646553351
6022,6048,2.455431633201468,3.2229051776394355,1.1702831818728745,0.062286157590909275,1.260249700946074,4.538985019728225,0.15110815538578948,2.934971482306682,0.4795398491052141
6022,6056,3.2253758907318115,2.580630144777179,0.9480336112729624,0.3481671809966205,0.9852857791942877,2.6400978868246123,0.15267799195207532,2.3770823446152685,0.8482935461165431
6022,6057,5.337333679199219,4.791744111936365,1.5668944603757602,0.5342904565374671,0.9906553538160587,2.521260335436443,0.16327942976758178,4.0869832099175305,1.2503504692816882
6022,6062,3.0912147342364586,2.6374727685053228,0.9698211740115661,0.33045394854964183,1.0739920312207323,2.8771929824561346,0.15660011342900937,2.428087040822636,0.6631276934138226
6022,6063,5.865590098313159,2.692646666095008,0.9905246006521387,0.2518104421281179,2.8300187444202565,8.275154078732916,0.1280769851333794,2.418044127607195,3.4475459707059635
6022,6070,3.047229528427124,4.735964186646034,1.5551853356118195,0.4575855313529855,1.3284115323128074,4.142857142855092,0.1635993776648974,4.125679557706715,1.0784500292795913
6022,6072,1.470114827156067,1.721026604528352,0.5429209758713068,0.9999146158657738,0.9231426373101793,2.113304641798117,0.15889913824884871,1.6945282535967199,0.22441342644065299
6022,6078,2.0597975274126674,3.8193152561022172,1.3400711542216024,0.1409535504938686,0.6744771392910555,0.9592449314284847,0.1530226012446949,3.443850727964115,1.3840532005514476
6022,6080,4.336027222470414,2.3892858834488884,0.8709945277597069,0.40708939629971364,0.8496255332648189,1.5391849529780497,0.16919801563710749,2.1937307251827463,2.142296497287668
6022,6081,3.181477069854736,1.958054494624059,0.6719513755004187,0.7133647423966858,0.7415665124274683,3.1748158784429035,0.1450733105140658,1.8525713006250977,1.3289057692296382
6022,6082,1.863613247871399,2.1124149811343096,0.7478318338224204,0.6654667924083013,0.933656282226107,2.162240000844588,0.15031509241069885,2.022489801495116,0.1588765536237169
6022,6084,1.9596685775258926,2.898452651215339,1.0641770260476415,0.22760397100530327,0.6154826060320988,2.531020153151502,0.1484849287057326,2.6878764873140213,0.7282079097881287
6022,6085,3.1255097083820487,4.529688632294235,1.5106532025397281,0.41954252052078345,0.8351963056691738,1.9729042034616846,0.17191142538421442,3.959167964241982,0.8336582558599335
6022,6090,4.685108184814453,6.971146728300927,1.9417797346690517,0.9971635481061525,0.9121656826700831,5.326094776262127,0.16243237468764682,5.764070514128517,1.0789623293140638
6022,6094,4.092223385079066,3.1804868929904595,1.1570342960750812,0.04543028867390797,0.847255065269424,1.9978665041146004,0.14248925531047107,2.8475765438178775,1.2446468412611886
6022,6095,9.867135047912596,5.002314374421703,1.6099006802249076,0.612401336872556,0.9651147834362523,2.9141585978550077,0.16485107781533573,4.156908515723434,5.710226532189162
6022,6099,10.321437835693361,3.465038462287726,1.2427237328075975,0.11283899535169617,0.7386784395917019,1.1801885447190152,0.15881082049138887,2.9771197677332495,7.344318067960112
6022,6101,1.2270276091477796,56.77697011563584,4.0391307877970775,2.955977600204443,11.785934745492751,46.96491228070206,0.13881981715895897,87.03257052961018,85.8055429204624
6028,6022,1.6493401527404783,4.8063957873281575,1.5699474866759011,0.20722113056059732,1.5200673218291305,3.5547927540681337,0.15507812990072845,5.650668161568137,4.001328008827659
6028,6029,2.561024904251098,1.467007246905956,0.3832244390981701,1.0247437599208713,2.149336792551542,9.127466994166374,0.2195738783873391,1.9009553109970505,0.6600695932540477
6028,6033,2.5392112094198453,5.406356557783491,1.6875754016140518,0.4329919596936158,0.9179623417185726,2.80989742583855,0.16742908281630742,6.189096520026327,3.6498853106064817
6028,6047,3.066597064069266,3.398960737327481,1.2234697194049802,0.1073934640880907,0.9288309577717455,2.32134369167656,0.2309802420621574,4.0395938514542244,0.9729967873849583
6028,6048,2.455431633201468,3.9093567097563184,1.3633728361026596,0.27833677837257365,1.3243777478913326,4.538985019728225,0.1974308274758597,4.621231530190614,2.165799896989146
6028,6056,3.2253758907318115,2.4240530191622973,0.8854409405595731,0.3427062242454244,0.9570688182636302,2.6400978868246123,0.2175885308292882,2.969832935111383,0.2555429556204287
6028,6057,5.337333679199219,3.356880567142836,1.2110121401063991,0.13017801693537945,0.9813042032105329,2.234600343427297,0.18604092185194385,3.916042841916254,1.4212908372829647
6028,6062,3.0912147342364586,2.012856541421785,0.6995548780583889,0.5949575487934495,1.301189683172865,4.354231974921625,0.21672197374072205,2.5139127577325517,0.5773019765039069
6028,6063,5.865590098313159,2.61922072085971,0.9628768387441362,0.2008583866035445,2.793861001321782,8.275154078732916,0.19554620469132344,3.1180496504277104,2.747540447885448
6028,6070,3.047229528427124,4.526947762209891,1.5100479292244198,0.4864416901673687,1.3722916278497197,3.625000000000156,0.22494134044107877,5.236511205361782,2.189281676934658
6028,6072,1.470114827156067,2.2049806841133286,0.7907187488211331,0.5328014482108868,0.9421441404875974,2.113304641798117,0.20256441764242317,2.803491781511924,1.333376954355857
6028,6078,2.0597975274126674,3.483482232220166,1.2480324349210359,0.11123680925202817,0.7071202419804755,1.1473354231974922,0.2088215063385277,4.189496042256201,2.129698514843534
6028,6080,4.336027222470414,1.8941677951074227,0.6387795838215038,0.6467554115213627,0.7697494451003165,1.3856613102595756,0.185924739117878,2.3508282699230234,1.9851989525473908
6028,6081,3.181477069854736,1.8060059697736761,0.5911177605118532,0.7352618371001632,0.810440200843915,3.0493483254120353,0.19283479074503865,2.276644674896592,0.9048323949581438
6028,6082,1.863613247871399,1.8078050690654146,0.5921134403750421,0.7715829516849165,0.9416629327029916,2.1461304472679665,0.22571675530161417,2.322640282842631,0.459027034971232
6028,6084,1.9596685775258926,2.848986016036963,1.0469631471277907,0.15959839756687644,0.6397398865777729,2.4055526001206333,0.2031230749603612,3.498870997971891,1.5392024204459984
6028,6085,3.1255097083820487,4.77060692887204,1.5624735355633268,0.5618611846587096,0.7551477634657432,1.6971352654007241,0.22518256301270612,5.485906180498235,2.3603964721161863
6028,6090,4.685108184814453,8.991484214833788,2.1962779310561826,1.4281613381094045,0.883496928470758,5.205228628533194,0.18675387525988085,9.594284138474633,4.90917595366018
6028,6094,4.092223385079066,3.909681385723527,1.3634558836497952,0.3118244065578588,0.8421536163548606,1.9978665041146004,0.2371482339091069,4.53803464241922,0.4458112573401536
6028,6095,9.867135047912596,4.279922936645708,1.453935003974995,0.4887552398686015,0.8836030801724041,2.8480270064376514,0.21353086199037252,4.772752511018511,5.094382536894085
6028,6099,10.321437835693361,3.117094550886649,1.136901334263746,0.06528113114791934,0.7299917691279479,1.1801885447190152,0.19649433140313322,3.57682513001881,6.744612705674552
6028,6101,1.2270276091477796,0.007143577498616683,-4.9415415778879686,9.203862593539998,10.869399283075218,45.37288135593832,0.20025178187715498,0.0033092121441906978,1.223718397003589
6029,6022,1.6493401527404783,4.782079662004035,1.5648755276184225,0.14778474580350465,1.4247437139923167,3.5547927540681337,0.158992931440753,5.409851494543481,3.760511341803002
6029,6028,6.072564601898193,3.8144369807420384,1.3387930734369824,0.24751309545842837,1.3855319740033991,5.942978200798251,0.2195738783873391,4.208560419676478,1.8640041822217155
6029,6033,2.5392112094198453,6.193872912057746,1.8235605634292704,0.5560099367305118,0.9148176809771642,2.80989742583855,0.20745632992330076,6.73191784679098,4.192706637371135
6029,6047,3.066597064069266,3.556807530592915,1.2688633814637778,0.11213281581691037,0.9286733223796141,3.063772601275078,0.2242254069131675,4.048115126983701,0.9815180629144349
6029,6048,2.455431633201468,4.013830832821262,1.3897461051963802,0.25799579280419715,1.2938749130064298,4.331747387646179,0.19480233134349034,4.551967351786609,2.096535718585141
6029,6056,3.2253758907318115,2.2472082231855905,0.8096886561041522,0.4989065192282178,0.9258630899745213,2.5620265661114834,0.20808631513159168,2.667134513126237,0.5582413776055746
6029,6057,5.337333679199219,3.718896957595921,1.3134271075399742,0.21048130910024754,1.0124485004460093,2.04285625379143,0.20425212504100837,4.132074522852644,1.2052591563465747
6029,6062,3.0912147342364586,2.0477255304294393,0.7167296798510001,0.6269030279756367,1.034960933993474,3.2037790851276458,0.208332769164411,2.4557108571202293,0.6355038771162294
6029,6063,5.865590098313159,2.5808909564625244,0.9481346712823867,0.2757625164815367,2.738082786901885,8.010811247389523,0.20793875025581682,2.959162542853467,2.9064275554596914
6029,6070,3.047229528427124,5.36558791614519,1.6800059537032679,0.6578605806718818,1.2733617216566064,3.625000000000156,0.22771096528072565,5.873576793887362,2.826347265460238
6029,6072,1.470114827156067,1.9107895176763081,0.6475165166887649,0.7769707474813877,0.898243253969135,2.113304641798117,0.21022877805098086,2.368693510013214,0.8985786828571469
6029,6078,2.0597975274126674,3.379097140938109,1.2176085557468943,0.01567285656002415,0.6438936524473604,0.964285714285663,0.21950013943501734,3.9199968267866057,1.8601992993739382
6029,6080,4.336027222470414,1.9734986412513091,0.679807927623598,0.6483222431464009,0.7445928710378918,1.321428571428213,0.19389928625419195,2.346501192894103,1.9895260295763113
6029,6081,3.181477069854736,1.6897131056357149,0.524558754545259,0.8793654219952451,0.7677863370176683,3.9048912767099795,0.20858564318777387,2.0616763891597367,1.1198006806949992
6029,6082,1.863613247871399,2.1140585547117436,0.7486095856035893,0.6175178712414185,0.9368673144318558,2.009994233772009,0.22307245859892677,2.573670532610693,0.7100572847392939
6029,6084,1.9596685775258926,2.716838739746809,0.9994689763628837,0.27802591027009704,0.6103930973572455,3.11304935329534,0.21612701138442933,3.223623988079279,1.2639554105533866
6029,6085,3.1255097083820487,4.686394926195686,1.5446636144250934,0.48204580362557037,0.7427578092377376,1.6198742668558905,0.21959190835599984,5.191929046424043,2.0664193380419946
6029,6090,4.685108184814453,8.94066418689597,2.1906098802620106,1.3655578948287965,1.0103985216864937,6.751864931008853,0.19164183756237585,9.180448349623212,4.495340164808759
6029,6094,4.092223385079066,4.098211996234815,1.4105507801123518,0.3190497984612535,0.8142273884782174,2.000000000000001,0.22858614737034189,4.554612470198587,0.46238908511952115
6029,6095,9.867135047912596,4.4331008655003865,1.4890993088314686,0.4801998984254976,0.8738603696944279,3.7373281473179,0.21304277837342533,4.738758914511179,5.128376133401417
6029,6099,10.321437835693361,3.2105945340033966,1.166456133077269,0.04976241854171781,0.7058743002322841,1.1801885447190152,0.1931164837341173,3.5333710559751657,6.7880667797181955
6029,6101,1.2270276091477796,0.019219845897338175,-3.9518118933005324,8.032648443182863,10.870326847975166,45.37288135593832,0.19321132794102658,0.008979386625102576,1.218048222522677
6033,6022,1.6493401527404783,6.32777898602566,1.8449493035004292,0.05840861089709137,1.4157522788759052,3.278092512893875,0.06354991512808761,7.526533215122217,5.877193062381738
6033,6028,6.072564601898193,5.2677826192153425,1.6616095186437865,0.6711297369596332,1.381918567629711,5.521778259816082,0.16742908281630742,6.0860878257567155,0.013523223858522115
6033,6029,2.561024904251098,1.3083331170281811,0.26875389723746956,1.2336662591799432,1.615125425814172,8.513586172679972,0.20745632992330076,1.7800430413162838,0.7809818629348144
6033,6047,3.066597064069266,3.440731530961822,1.2356841031269428,0.06727062237039205,0.9340933063916653,2.32134369167656,0.1577178673039085,4.242042348033899,1.175445283964633
6033,6048,2.455431633201468,2.7023084380580276,0.9941063847841187,0.2734665211046501,1.2256185022230193,4.331747387646179,0.15568438137743779,3.4363593814802362,0.9809277482787682
6033,6056,3.2253758907318115,2.584312671407603,0.9494595814668185,0.3204464421043849,0.9599018588220437,2.5620265661114834,0.1616341488177495,3.2683226520457334,0.04294676131392183
6033,6057,5.337333679199219,3.3114001748974684,1.197371113508147,0.05972490908547301,0.966593701971757,1.924802313219821,0.16164586819734317,4.017216936678681,1.320116742520538
6033,6062,3.0912147342364586,2.0167888553838758,0.701506570985724,0.659777923924038,1.0457503093585474,2.8203045685279173,0.1435428154494227,2.615501348342559,0.4757133858938998
6033,6063,5.865590098313159,4.48419706380403,1.5005594524609962,0.4536198312863531,2.7718561094026315,8.083505770910952,0.15022482214019764,5.267374362706666,0.5982157356064928
6033,6070,3.047229528427124,2.96812626480671,1.087930866451025,0.13956120890281487,1.3016311726186407,4.142857142855092,0.1591410530739764,3.712069780165195,0.6648402517380712
6033,6072,1.470114827156067,2.3611907323934234,0.8591660394204957,0.5398028996441264,0.8929458090364587,2.2076263392651945,0.1463053051811292,3.097650066697609,1.6275352395415421
6033,6078,2.0597975274126674,3.801794693571382,1.3354732430215113,0.1619724419286479,0.6759497077833081,1.0384615384615978,0.13886465710067808,4.709318179811507,2.6495206523988393
6033,6080,4.336027222470414,1.8866015895388726,0.6347771097748025,0.7038423902716937,0.747768874288273,1.4230769230766944,0.15505036144694728,2.4326860329620135,1.9033411895084007
6033,6081,3.181477069854736,2.6197886113489353,0.963093631826736,0.30051456179467173,0.7435232722422817,3.1748158784429035,0.16664326645664196,3.31050881471669,0.12903174486195423
6033,6082,1.863613247871399,2.083366790381084,0.7339852343341702,0.6541102523628392,0.9212179405737375,2.1461304472679665,0.15795085595232286,2.7426219009324817,0.8790086530610828
6033,6084,1.9596685775258926,2.8003156526555775,1.0297321439185385,0.2470851938138997,0.6064561711673551,2.531020153151502,0.1614859901166994,3.5776278323024044,1.6179592547765118
6033,6085,3.1255097083820487,4.385485214250026,1.4783002728952417,0.39624149544161,0.8151118637605641,1.9729042034616846,0.17249988216569356,5.279730761244897,2.1542210528628485
6033,6090,4.685108184814453,8.707980135730496,2.1642398622179417,1.3207877078841321,0.8991270396966408,5.205228628533194,0.15079974013956776,9.679693810745666,4.994585625931213
6033,6094,4.092223385079066,4.68274783347814,1.5438850815335985,0.4934343949397011,0.8429710027079262,1.8801539307311723,0.1776895851705773,5.548840904311052,1.456617519231986
6033,6095,9.867135047912596,4.84547757621221,1.578045811426566,0.593555547204802,0.9367864812478792,2.8480270064376514,0.1653887247233996,5.5459253685935535,4.321209679319042
6033,6099,10.321437835693361,3.7245908450757796,1.3149570055505282,0.23744826771005956,0.7236302282699348,1.1801885447190152,0.1507529779669852,4.364148671061061,5.9572891646323
6033,6101,1.2270276091477796,0.002182533178064426,-6.127269068503784,11.632947639780369,10.86705387950205,45.067796610175535,0.13475507024531974,0.0007485614182783346,1.2262790477295014
6047,6022,1.6493401527404783,4.695223541776172,1.546545724258655,0.13292649865883543,1.4844440838342152,3.5547927540681337,0.17220342339206374,5.371555409983019,3.7222152572425404
6047,6028,6.072564601898193,4.892789515795939,1.5877625939682507,0.5910928461345326,1.4432281925727402,5.942978200798251,0.2309802420621574,5.322051045335092,0.7505135565631011
6047,6029,2.561024904251098,1.9582591256407398,0.6720558773543092,0.6836608937145701,1.8655395676410846,9.127466994166374,0.2242254069131675,2.396949718095493,0.16407518615560512
6047,6033,2.5392112094198453,5.342399051788062,1.6756748127192285,0.3686840457700118,0.9345160271745492,2.80989742583855,0.1577178673039085,5.944929429362538,3.4057182199426923
6047,6048,2.455431633201468,4.008014720202895,1.3882960364811323,0.26773718341787744,1.226140696278038,4.538985019728225,0.19869449510274917,4.589300140938276,2.133868507736808
6047,6056,3.2253758907318115,2.4815073310068,0.9088661703052703,0.3550832551894427,0.9571115164376783,2.6400978868246123,0.20368244387377007,2.9453177229122223,0.28005816781958925
6047,6057,5.337333679199219,3.3906277015631723,1.221015066954862,0.09918174626092946,1.0275780310278753,2.521260335436443,0.21242080587473433,3.836838318468666,1.500495360730553
6047,6062,3.0912147342364586,2.119399056036919,0.751132584366841,0.5695535479576275,1.2230622385159262,3.2037790851276458,0.214072055480082,2.5574807494206686,0.53373398481579
6047,6063,5.865590098313159,2.5243910321444543,0.9259998582515273,0.2936663359149738,2.833655941553311,8.275154078732916,0.21140787162151786,2.9281169818350445,2.937473116478114
6047,6070,3.047229528427124,4.693921239486607,1.5462683183120527,0.4911280648453056,1.3345849952547078,4.142857142855092,0.226938343051863,5.253754927398272,2.2065253989711477
6047,6072,1.470114827156067,2.1286260637838117,0.755476731116136,0.6220329402039568,0.9103554824611919,2.113304641798117,0.2059721620052732,2.636617408393695,1.1665025812376282
6047,6078,2.0597975274126674,3.372209905556431,1.21556828777408,0.024475948192272057,0.6665418882701916,1.0384615384615978,0.21303865125297627,3.950036690842612,1.8902391634299445
6047,6080,4.336027222470414,1.6592198316182256,0.506347510939912,0.8676870141852305,0.7687657994328487,1.4230769230766944,0.17673872699819748,2.024787927155556,2.311239295314858
6047,6081,3.181477069854736,1.8236470773732933,0.6008383846486813,0.7660241936022899,0.643875364324477,3.7439075926332994,0.20342013070713058,2.2300283904909186,0.9514486793638173
6047,6082,1.863613247871399,1.8932011169663292,0.6382691090383352,0.7532347172788754,1.09322314242954,2.9163438560581705,0.22493129181537763,2.3513302295677074,0.4877169816963085
6047,6084,1.9596685775258926,2.7733735174214056,1.0200644555148701,0.23901176732667717,0.6019348260135803,2.9534725728171707,0.21287577962002668,3.3155388979213605,1.3558703203954678
6047,6085,3.1255097083820487,5.1436922419762565,1.6377711566028013,0.618034808364692,0.7627751502146547,1.6971352654007241,0.22405654074515002,5.702048240279466,2.5765385318974174
6047,6090,4.685108184814453,11.074117367693628,2.4046106168359995,1.6624355875678385,1.0224383887484758,6.751864931008853,0.16069724381222006,11.247835806967485,6.562727622153032
6047,6094,4.092223385079066,3.9500403948451344,1.3737258054038117,0.28165266031886804,0.8439377785156643,1.9626168224299079,0.23344480154582148,4.4473241248715425,0.35510073979247636
6047,6095,9.867135047912596,4.394643572488443,1.4803864294385758,0.48026217322028586,0.9831109859075929,3.7373281473179,0.20516039642350337,4.746332278101825,5.120802769810771
6047,6099,10.321437835693361,3.185386724517013,1.1585737022237366,0.050761818534927894,0.6198946297720234,0.9433106575963721,0.21588486044988464,3.5416780688542664,6.779759766839095
6047,6101,1.2270276091477796,0.017791991024981194,-4.029006865355347,8.102408912327773,10.874777437708314,45.37288135593832,0.2106392077051984,0.010156238564738901,1.2168713705830407
6048,6022,1.6493401527404783,4.528136749551916,1.5103105413176174,0.07049413905236213,1.3802610221977356,3.4444444444446507,0.15110815538578948,5.337069977368148,3.6877298246276693
6048,6028,6.072564601898193,4.8632699306531295,1.5817110369042486,0.5686970985561204,1.3055249366941672,4.678594218311864,0.1974308274758597,5.434280087066287,0.6382845148319065
6048,6029,2.561024904251098,2.0164674450990088,0.7013471909406181,0.6590262572568049,1.7586144780242838,7.18557478487861,0.19480233134349034,2.527023556822648,0.0340013474284504
6048,6033,2.5392112094198453,5.3384798397157125,1.674940938234168,0.35234876706997476,0.9054675676681453,2.89550663622913,0.15568438137743779,6.09956944152438,3.560358232104535
6048,6047,3.066597064069266,3.5064256979568027,1.2545971989676126,0.09044066607236645,0.9256378986661529,2.3752456217531397,0.19869449510274917,4.14195277426586,1.075355710196594
6048,6056,3.2253758907318115,2.565185277336953,0.9420307088939678,0.32514695731116516,1.031785682834562,3.303764790131858,0.2049528995652132,3.1160501288712856,0.1093257618605259
6048,6057,5.337333679199219,3.8931116881737218,1.3592087577039966,0.268838195057195,0.9582008521463473,1.924802313219821,0.20546619315156467,4.463907784549692,0.873425894649527
6048,6062,3.0912147342364586,2.196331165093495,0.7867883160541749,0.5362037185806677,1.0077026736819938,2.830456852791874,0.19658968420700385,2.7118366797860918,0.3793780544503669
6048,6063,5.865590098313159,3.042638719150429,1.1127251386447574,0.059015031353562675,3.038141254066566,10.075958182641488,0.19542007663073416,3.559588598589108,2.3060014997240508
6048,6070,3.047229528427124,5.364520990786668,1.6798070879934617,0.6548996671675296,1.4045220018351954,4.142857142858064,0.20489687915423985,6.086707799643573,3.039478271216449
6048,6072,1.470114827156067,2.013107697493377,0.6996796462167794,0.710274529298812,0.9068733589736782,2.2029412776892094,0.19350834517849136,2.57373265880268,1.1036178316466132
6048,6078,2.0597975274126674,3.65259998613424,1.29543923897967,0.1167462487626938,0.6976561870848298,0.964285714285663,0.1930867397197651,4.359391873864599,2.2995943464519315
6048,6080,4.336027222470414,1.9109854892457945,0.6476190719513344,0.6939133519175689,0.7603345724382148,1.321428571428213,0.15859737253679818,2.3622760964282117,1.9737511260422025
6048,6081,3.181477069854736,1.8887937887214674,0.6359384183050781,0.7335486313880666,0.6688039299433824,3.9048912767099795,0.19856163861329557,2.3634324666293063,0.8180446032254296
6048,6082,1.863613247871399,1.9339559672500894,0.6595676290625501,0.7389677623506985,0.9137772184658588,2.162240000844588,0.1976949223408555,2.4610665680021624,0.5974533201307635
6048,6084,1.9596685775258926,2.6796239522193406,0.9856764683414403,0.29910982082509463,0.6313194602447251,3.11304935329534,0.20165350157291506,3.299763306668727,1.3400947291428342
6048,6085,3.1255097083820487,4.833769608078757,1.5756266204253253,0.5206689752643465,0.7363579628226904,1.627640038931404,0.2033559289182001,5.534177466762768,2.408667758380719
6048,6090,4.685108184814453,8.726340759350403,2.1663461249761227,1.3304985190178802,0.9164297836982934,5.326094776262127,0.19027516926265364,9.308673588677898,4.623565403863445
6048,6094,4.092223385079066,4.380778463672732,1.4772264400281254,0.4052613451901239,0.8125648361876344,2.000000000000001,0.20442733937928528,5.014278456072578,0.9220550709935118
6048,6095,9.867135047912596,3.7555346180925824,1.3232306500731077,0.2563231154042376,0.8663905055936058,2.9141585978550077,0.2027717012685826,4.227146220631166,5.63998882728143
6048,6099,10.321437835693361,3.1479063299489494,1.1467375746959847,0.02075305214421741,0.6410996333379696,0.8338192419825075,0.17243896559096694,3.597486027462218,6.723951808231144
6048,6101,1.2270276091477796,0.007838285439157397,-4.848735162521863,9.227848079934901,11.858403815338347,49.2407407407444,0.15636858922779462,0.003241234967057023,1.2237863741807227
6056,6022,1.6493401527404783,4.531613918663394,1.51107814948026,0.0873243168027682,1.449140238755459,3.5789473684210615,0.15267799195207532,5.356583406201598,3.7072432534611197
6056,6028,6.072564601898193,4.780909331824991,1.5646307651941131,0.5633679495373243,1.3007524891585167,4.62696509716713,0.2175885308292882,5.3667821941238465,0.7057824077743469
6056,6029,2.561024904251098,1.7248631946782882,0.545147739905446,0.8496639198242053,1.5902589045191542,7.133945663733876,0.20808631513159168,2.200476380613677,0.36054852363742107
6056,6033,2.5392112094198453,5.25791620738906,1.6597347899671389,0.349475116269123,0.9287505358621118,2.901664597415747,0.1616341488177495,6.034030996245545,3.4948197868257
6056,6047,3.066597064069266,3.2609780820199963,1.1820271755395764,0.011306252230109504,0.9002020987765892,2.3957013178704933,0.20368244387377007,3.890212582531751,0.8236155184624847
6056,6048,2.455431633201468,3.790024754945022,1.3323725507207669,0.1963546061388064,1.480650762524698,5.585841571023107,0.2049528995652132,4.492586715294774,2.0371550820933058
6056,6057,5.337333679199219,3.8147120066323708,1.3388651721444285,0.25948085041956936,0.9752207585703074,2.04285625379143,0.21512855221704746,4.395465766867388,0.9418679123318308
6056,6062,3.0912147342364586,2.1309225193123664,0.7565549936156721,0.5592133390956591,1.289757567665282,4.354231974921625,0.2033043556984906,2.6464714503162408,0.4447432839202179
6056,6063,5.865590098313159,1.8863780547061884,0.6346586173078279,0.6790032640875083,2.8453359280978225,10.075958182641488,0.1812475096503643,2.316514384730819,3.5490757135823396
6056,6070,3.047229528427124,4.542865587923034,1.5135579997058584,0.4506557196726795,1.4670729089136347,4.142857142855092,0.22053407957333587,5.252197385043246,2.204967856616122
6056,6072,1.470114827156067,2.007880986473397,0.6970799303884023,0.6970307624993353,0.9329641558395273,2.2076263392651945,0.19928241918547296,2.5752848613655517,1.1051700342094848
6056,6078,2.0597975274126674,3.355476460145687,1.2105937752870306,0.020975695676812123,0.7410566421022556,1.1473354231974922,0.21264631244089638,4.049213488199534,1.9894159607868667
6056,6080,4.336027222470414,1.9039035014644896,0.6439062530808529,0.6810826130255901,0.7803320985307173,1.3856613102595756,0.18701797514038088,2.36132150205347,1.974705720416944
6056,6081,3.181477069854736,1.8520445096097862,0.6162901692018166,0.7422678874980513,0.7323014394795401,3.0493483254120353,0.1940170765553053,2.328660119343925,0.8528169505108107
6056,6082,1.863613247871399,1.8928303646565494,0.6380732563029501,0.750413437090736,0.9145057370015258,2.1461304472679665,0.20829215849299962,2.420810899708961,0.5571976518375621
6056,6084,1.9596685775258926,2.82611221364572,1.0389019910627293,0.21074886270014226,0.6509869201040566,2.4055526001206333,0.203259172183337,3.472803531694145,1.5131349541682524
6056,6085,3.1255097083820487,4.640139425897102,1.5347444144714315,0.4838815488364874,0.7380083421634804,1.627640038931404,0.22274519231431017,5.348998369670986,2.2234886612889375
6056,6090,4.685108184814453,9.919625040113452,2.294515122206745,1.5187588594793084,0.9032619126680256,5.2795862547271275,0.1754032866513977,10.484144534044873,5.79903634923042
6056,6094,4.092223385079066,3.5746779748425404,1.2738750951216757,0.1516724614846403,0.8173545447597629,2.000000000000001,0.20859128224260726,4.183967753979754,0.09174436890068804
6056,6095,9.867135047912596,3.8452102229768306,1.3468282758393069,0.3052760218828787,0.8725680010648366,2.922384632631584,0.2216847855674149,4.331146908462914,5.535988139449682
6056,6099,10.321437835693361,3.1371856787338452,1.1433261173624807,0.033528688687135766,0.6476780781580769,0.9172011661807579,0.21365912786099517,3.5970129149063617,6.7244249207869995
6056,6101,1.2270276091477796,0.010721242244610362,-4.535528249026083,8.76054196514313,11.240314585755463,46.96491228070206,0.20605823630177933,0.004789334635860636,1.222238274511919
6057,6022,1.6493401527404783,4.619201971902256,1.5302219568190334,0.13443753832301653,1.4472294418540184,3.5789473684210615,0.16327942976758178,5.275659813630293,3.6263196608898145
6057,6028,6.072564601898193,4.312879035290848,1.4616056707365375,0.4590021483851703,1.3105307388288292,4.678594218311864,0.18604092185194385,4.732587763227213,1.3399768386709807
6057,6029,2.561024904251098,2.1953749855890083,0.7863528681955121,0.49458776383053116,1.7874476639601724,7.18557478487861,0.20425212504100837,2.649481351296191,0.08845644704509281
6057,6033,2.5392112094198453,5.512865626917024,1.7070845654518059,0.43083062608395783,0.9100105984571644,2.7936517040827096,0.16164586819734317,6.096484967083586,3.5572737576637405
6057,6047,3.066597064069266,3.7686740962689718,1.3267232409970666,0.23775174968525215,0.9093273361394609,3.063772601275078,0.21242080587473433,4.292357483138181,1.2257604190689149
6057,6048,2.455431633201468,3.4876489459945925,1.2492278547644162,0.11863384330881521,1.2419442988195584,4.230233676797921,0.20546619315156467,4.03360012207398,1.578168488872512
6057,6056,3.2253758907318115,2.635142819069842,0.9689373813100348,0.23904280430400182,0.9252885583899741,2.460512855263225,0.21512855221704746,3.0997522939001336,0.1256235968316779
6057,6062,3.0912147342364586,2.078489087103675,0.7316412293256749,0.560075142886911,1.2942147943586189,4.354231974921625,0.1949708331194695,2.5046350096375125,0.5865797245989461
6057,6063,5.865590098313159,2.6295347915944434,0.9668069452183123,0.20319008748202771,2.7947611739091545,7.964495887488152,0.18036155644990495,3.028403578329354,2.8371865199838044
6057,6070,3.047229528427124,5.537069274876471,1.711465349027956,0.7473246174509804,1.399542651073356,3.625000000000156,0.1941713770598772,6.080958845415912,3.0337293169887882
6057,6072,1.470114827156067,1.9378276470727858,0.6615675761147899,0.7139423549708914,0.9341250284998746,2.1010863455427895,0.1941210060539588,2.414003923415969,0.9438890962599022
6057,6078,2.0597975274126674,3.383298061433588,1.218850991573301,0.06451047461315507,0.6993252813648548,1.1473354231974922,0.1957989956033063,3.948952271569284,1.8891547441566168
6057,6080,4.336027222470414,1.6793300476160749,0.5183949326998993,0.8142123872858666,0.7842871734003477,1.3856613102595756,0.12761298835638857,2.0403479948000918,2.2956792276703224
6057,6081,3.181477069854736,1.847962361428504,0.6140836058197103,0.7122050285707161,0.7140588720243901,3.7439075926332994,0.19139127202091724,2.2496023135933543,0.9318747562613816
6057,6082,1.863613247871399,1.7701144833354563,0.5710442243446268,0.8077335747004202,1.081194682877883,2.9163438560581705,0.19927839480562862,2.2054114087155905,0.34179816084419157
6057,6084,1.9596685775258926,2.722747612313646,1.0016415220340202,0.22778860579062943,0.6373199384307174,2.9534725728171707,0.21121450369316985,3.2501695639560877,1.290500986430195
6057,6085,3.1255097083820487,4.979036046560595,1.6052363073527776,0.611731483977449,0.8046441347467662,1.9729042034616846,0.19431687994601363,5.518712120181032,2.3932024117989834
6057,6090,4.685108184814453,8.893219493482846,2.1852891317144967,1.4057691746898178,1.0170055144788437,6.751864931008853,0.1809686497974914,9.193506096916328,4.508397912101875
6057,6094,4.092223385079066,3.853528419127565,1.348989201095849,0.2851405768267379,0.8404046843920375,1.8801539307311723,0.2186962466286429,4.334807576166387,0.242584191087321
6057,6095,9.867135047912596,3.764860664271025,1.3257108524052916,0.3104378683960165,0.8834786740777424,3.7373281473179,0.18252518331495937,4.113124510010751,5.754010537901845
6057,6099,10.321437835693361,3.2366680232016933,1.1745444127498743,0.10767583698466776,0.6537002130957708,0.9172011661807579,0.1906066155916165,3.5815859282847953,6.739851907408566
6057,6101,1.2270276091477796,0.014477683103687761,-4.235146911478394,8.265994599648284,11.243835088680608,46.96491228070206,0.17173675129249955,0.006536955667870887,1.2204906534799087
6062,6022,1.6493401527404783,4.406108955217706,1.4829919769027482,0.04567451386952248,1.483718588655595,3.5547927540681337,0.15660011342900937,5.011459780621169,3.3621196278806904
6062,6028,6.072564601898193,5.441165522332214,1.6939932883482216,0.7330634205618947,1.48446512791279,5.942978200798251,0.21672197374072205,5.789714552054269,0.28285004984392437
6062,6029,2.561024904251098,1.8006430946350425,0.5881438758919219,0.795096394010116,1.6654531978831015,9.127466994166374,0.208332769164411,2.195450658548554,0.36557424570254415
6062,6033,2.5392112094198453,5.509203462502625,1.7064200505554739,0.4070578047429241,0.9067622623367619,2.80989742583855,0.1435428154494227,6.040377562592928,3.501166353173083
6062,6047,3.066597064069266,2.968172219974832,1.0879463492197035,0.11690537009281732,0.9286155305771674,3.063772601275078,0.214072055480082,3.428611107980892,0.3620140439116257
6062,6048,2.455431633201468,3.8464828003859926,1.3471591724096479,0.21331065913095104,1.3381569586103148,4.538985019728225,0.19658968420700385,4.369371648043446,1.9139400148419776
6062,6056,3.2253758907318115,2.590725399464121,0.9519379135103757,0.29728240377419624,0.9552889414177983,2.6400978868246123,0.2033043556984906,3.0261679319369414,0.19920795879487008
6062,6057,5.337333679199219,3.6417168474716473,1.2924552318446876,0.1947809993077747,1.0033596270194534,2.521260335436443,0.1949708331194695,4.044652965888027,1.2926807133111922
6062,6063,5.865590098313159,3.318621141227367,1.1995493777521933,0.07139902428365819,2.8118325834981257,8.275154078732916,0.19701188595338293,3.7060531647442945,2.159536933568864
6062,6070,3.047229528427124,3.761478740834876,1.324812162223589,0.1962281180958827,1.2940502862480194,4.142857142858064,0.22018910289637716,4.249021378496667,1.2017918500695428
6062,6072,1.470114827156067,1.963993664836815,0.6749799842839022,0.7293375794209602,0.9127916032213007,2.113304641798117,0.20322514880396492,2.4224445182663352,0.9523296911102683
6062,6078,2.0597975274126674,3.152629117764579,1.1482367452789823,0.06492747823281397,0.6461889763443389,0.964285714285663,0.20768388767466195,3.6726614646807496,1.6128639372680822
6062,6080,4.336027222470414,2.0642404886510692,0.724762356651192,0.5760776816860461,0.8389981585786649,1.5391849529780497,0.1872506087157051,2.4380270849698285,1.8980001375005857
6062,6081,3.181477069854736,1.7989045783742543,0.5871779120798538,0.7838529547192272,0.6773191375898213,3.0493483254120353,0.185546058131987,2.1766033868249752,1.0048736830297607
6062,6082,1.863613247871399,1.8189570938262558,0.5982633114767313,0.8062627692748482,1.067163306366523,2.9163438560581705,0.21100244328340256,2.240941841524195,0.37732859365279614
6062,6084,1.9596685775258926,2.949447516670209,1.081617870327499,0.15655221314660683,0.6438195168584286,2.4055526001206333,0.21078681316218417,3.4639934494262343,1.5043248719003417
6062,6085,3.1255097083820487,4.977510837403737,1.6049299342323446,0.5746879325523502,0.7424044834403892,1.6198742668558905,0.20817235323778535,5.469694171419343,2.3441844630372946
6062,6090,4.685108184814453,8.702113808103807,2.163565962597684,1.3413868514927794,1.016112936717027,6.751864931008853,0.1693887406401421,8.936986553875263,4.25187836906081
6062,6094,4.092223385079066,4.215814976265012,1.4388429241908898,0.36884775349651666,0.805553019507214,1.8801539307311723,0.2235138581248174,4.661460562264766,0.5692371771857001
6062,6095,9.867135047912596,3.605996822318404,1.282598243560106,0.2168204400701057,0.8736037468029202,3.7373281473179,0.18972999945338387,3.921725332973778,5.945409714938818
6062,6099,10.321437835693361,3.2376555688000876,1.1748494780102123,0.07278142965281864,0.6250349753785881,0.8338192419825075,0.20467647389010524,3.551738096804853,6.769699738888509
6062,6101,1.2270276091477796,0.022843071855140198,-3.779107408704623,7.753494189618754,11.869904045274312,49.2407407407444,0.19523256747277662,0.011027925508217856,1.2159996836395617
6063,6022,1.6493401527404783,4.643529167124202,1.5354746734943112,0.15952125508621795,1.4888017947802137,3.5789473684210615,0.1280769851333794,5.349240436869372,3.6999002841288933
6063,6028,6.072564601898193,5.284500599466508,1.6647781209059014,0.7351908652558261,1.430779612334788,5.521778259816082,0.19554620469132344,5.73962114480721,0.33294345709098305
6063,6029,2.561024904251098,1.9170602213637091,0.6507928779486511,0.6702643112886448,1.8561231105819835,8.513586172679972,0.20793875025581682,2.3650821407068747,0.19594276354422346
6063,6033,2.5392112094198453,5.208136789591011,1.6502221698437938,0.3815106564451598,0.9360957070338434,2.901664597415747,0.15022482214019764,5.843697935622476,3.3044867262026307
6063,6047,3.066597064069266,3.6117603510279084,1.2841952853546952,0.1860803851835917,0.9479160513884393,3.063772601275078,0.21140787162151786,4.168085432554282,1.1014883684850156
6063,6048,2.455431633201468,3.3281560996486044,1.202418426801449,0.061470789376641966,1.2725966301486593,5.585841571023107,0.19542007663073416,3.9016763116424698,1.4462446784410017
6063,6056,3.2253758907318115,1.9677030290159336,0.6768668873532501,0.6230460776577513,1.0510136844016105,3.303764790131858,0.1812475096503643,2.401674759478832,0.8237011312529794
6063,6057,5.337333679199219,3.5543450854835608,1.2681708227913029,0.20407023979927863,1.0264075336898975,2.234600343427297,0.18036155644990495,4.027585766768264,1.3097479124309546
6063,6062,3.0912147342364586,2.366167833830585,0.8612716987253255,0.3815517092923344,1.0478475119529846,3.2037790851276458,0.19701188595338293,2.8420513374832823,0.24916339675317634
6063,6070,3.047229528427124,4.136713462860706,1.4199016230212544,0.36400613736806675,1.406387190916399,4.142857142855092,0.21891062596496558,4.713661525935624,1.6664319975085
6063,6072,1.470114827156067,2.0311427642994793,0.7085985727420567,0.6444051437445383,0.9205624501578685,2.2076263392651945,0.1927830410272088,2.5419638861865312,1.0718490590304643
6063,6078,2.0597975274126674,3.338260174321218,1.2054497653781509,0.05223372142620142,0.7220355201442812,1.0384615384615978,0.19423572446108076,3.937018617720942,1.8772210903082747
6063,6080,4.336027222470414,1.954731202377716,0.6702526915944689,0.607108912432221,0.7620288116917078,1.4230769230766944,0.16514481461047126,2.362248354171143,1.973778868299271
6063,6081,3.181477069854736,1.8115740331666996,0.5941960989510799,0.7334094594399081,0.6443071154342547,3.9048912767099795,0.1669621433768007,2.2296806217290004,0.9517964481257355
6063,6082,1.863613247871399,1.7662072629647518,0.5688344582424745,0.8048214310388143,1.1022161276516667,2.9163438560581705,0.2097411841616303,2.2211234423596853,0.35751019448828636
6063,6084,1.9596685775258926,2.879089908340018,1.0574742401594492,0.1478163339196521,0.6034610818768469,3.11304935329534,0.19823788372423531,3.449815835760986,1.4901472582350932
6063,6085,3.1255097083820487,4.661318559621797,1.5392983608225268,0.5286614822587645,0.7720403094524423,1.6971352654007241,0.2101916124153651,5.246623585734684,2.1211138773526357
6063,6090,4.685108184814453,8.772579588417235,2.1716309009239314,1.3930667508108565,1.0187715119391312,6.751864931008853,0.18592386643855519,9.16359246826053,4.478484283446077
6063,6094,4.092223385079066,6.350198288880623,1.848486039012434,0.9562628434574365,0.8696280400480502,1.9978665041146004,0.1960305715488729,6.873691478864149,2.781468093785083
6063,6095,9.867135047912596,3.8326010199795446,1.343543690184755,0.33930046514933854,0.9792904272829898,3.7373281473179,0.18759221058933676,4.2182307945842235,5.648904253328372
6063,6099,10.321437835693361,3.154498837299996,1.1488296362440962,0.07896082758517298,0.6510744188820108,1.1523809523809525,0.16974005871021336,3.53120196380222,6.7902358718911415
6063,6101,1.2270276091477796,0.006349549566385473,-5.059371403020987,9.367350998834402,11.2522220391465,46.96491228070206,0.18654106991595776,0.0029387453700533204,1.2240888637777263
6070,6022,1.6493401527404783,4.672283816531269,1.541647992082201,0.12418993953521817,1.416236174613367,3.4444444444446507,0.1635993776648974,5.398500522487609,3.7491603697471305
6070,6028,6.072564601898193,5.161992801953408,1.6413227068656568,0.6619902309928083,1.3216605478657943,4.678594218311864,0.22494134044107877,5.639260356893675,0.4333042450045186
6070,6029,2.561024904251098,1.7095940539427572,0.536255946976718,0.8651734016934204,1.7835352103881017,7.18557478487861,0.22771096528072565,2.139913430978904,0.4211114732721941
6070,6033,2.5392112094198453,5.3936125392324135,1.685215390330394,0.3790089535300869,0.9122078469547426,2.7936517040827096,0.1591410530739764,6.053312310216502,3.514101100796657
6070,6047,3.066597064069266,3.2168315008397834,1.1683968691542557,0.010522153520873267,0.9413173949179889,2.3752456217531397,0.226938343051863,3.7669591330484145,0.7003620689791483
6070,6048,2.455431633201468,4.490959753818854,1.5020664325465984,0.41897178639641663,1.4038676760294029,5.585841571023107,0.20489687915423985,5.13509148307129,2.6796598498698216
6070,6056,3.2253758907318115,2.503053059456363,0.9175112105694871,0.344045175232775,1.0505208830581096,3.303764790131858,0.22053407957333587,2.996585281192565,0.22879060953924668
6070,6057,5.337333679199219,3.2153540776411345,1.1679374846397372,0.027897677567241708,1.0423367935195944,2.04285625379143,0.1941713770598772,3.6916041747081976,1.6457295044910212
6070,6062,3.0912147342364586,2.2663602732101795,0.8181751407934347,0.48066611626583444,1.0403916027793976,2.8771929824561346,0.22018910289637716,2.7431729013026422,0.3480418329338164
6070,6063,5.865590098313159,2.938148381549583,1.0777795807478592,0.09180728259902526,2.8832042158124414,10.075958182641488,0.21891062596496558,3.3909803209293896,2.474609777383769
6070,6072,1.470114827156067,1.9504098311776816,0.6680395203277782,0.7393044645982145,0.9376411663700367,2.1010863455427895,0.20495719657367859,2.459165228606622,0.9890504014505552
6070,6078,2.0597975274126674,3.4332639547340107,1.233511399004283,0.04791332732326614,0.7162090892106452,0.9629629629629078,0.20734464099821057,4.052743714208787,1.9929461867961193
6070,6080,4.336027222470414,1.9420951832310323,0.6637673816603283,0.658280358116659,0.8501749929586128,1.5391849529780497,0.1973117626670171,2.3568535092938747,1.9791737131765395
6070,6081,3.181477069854736,1.6741714990278507,0.5153184154624624,0.8805324297267247,0.6833071438481517,3.9048912767099795,0.19895770485272068,2.0835519533782785,1.0979251164764574
6070,6082,1.863613247871399,1.992106453418735,0.6891925982057678,0.6858569572348048,0.9644719965168681,2.162240000844588,0.21691076400549947,2.485539794430286,0.6219265465588872
6070,6084,1.9596685775258926,3.719922836414837,1.3137029251706809,0.15202891230525295,0.65015643134886,3.11304935329534,0.21002141678395006,4.365479681304478,2.4058111037785856
6070,6085,3.1255097083820487,4.7632037562161695,1.5609204998699628,0.5151152436413011,0.7758257681050157,1.6971352654007241,0.21144916477318115,5.369468377328422,2.2439586689463735
6070,6090,4.685108184814453,9.406615689034988,2.241413238433049,1.4443341181532579,0.9316329636672206,5.326094776262127,0.1868821885420111,9.795821991291279,5.110713806476825
6070,6094,4.092223385079066,4.038865905801186,1.395963936178994,0.310811732654519,0.8749627553182536,1.9978665041146004,0.23080083406703544,4.580727413746423,0.4885040286673572
6070,6095,9.867135047912596,4.3465341094128656,1.4693787710646544,0.4650338766307305,0.9291442122111434,2.9141585978550077,0.21869992417500128,4.743844385176291,5.123290662736305
6070,6099,10.321437835693361,3.216944566013354,1.1684320165303557,0.06338577928060762,0.6509116226762252,0.9433106575963721,0.21157993191038815,3.607283780151375,6.714154055541986
6070,6101,1.2270276091477796,0.01358050036552638,-4.299120311762601,8.453745633269,11.862000016296436,49.2407407407444,0.2175504499563381,0.006114184261489466,1.22091342488629
6072,6022,1.6493401527404783,4.872004973500718,1.5835055512405556,0.07528110964927293,1.4556482637235089,3.4444444444446507,0.15889913824884871,5.628479594922112,3.9791394421816335
6072,6028,6.072564601898193,4.475167461026458,1.4985437724850796,0.4259022478187491,1.4632348175644367,5.521778259816082,0.20256441764242317,4.974968139333936,1.0975964625642574
6072,6029,2.561024904251098,2.023199150864568,0.7046799966743249,0.6851717198477755,1.8368153497882715,8.513586172679972,0.21022877805098086,2.5017638721832145,0.05926103206788369
6072,6033,2.5392112094198453,5.686333604499009,1.7380656827175351,0.3129009018778126,0.9173079772947348,2.901664597415747,0.1463053051811292,6.374269748799864,3.8350585393800185
6072,6047,3.066597064069266,3.576217113000821,1.274305569394656,0.08610250551073251,0.9592194854035587,2.3957013178704933,0.2059721620052732,4.161756538102442,1.095159474033176
6072,6048,2.455431633201468,4.028046018466691,1.3932813994352187,0.22877809975318542,1.261725485865123,5.585841571023107,0.19350834517849136,4.671686295415149,2.2162546622136805
6072,6056,3.2253758907318115,2.5592014814050024,0.9396952885077248,0.360319708342556,1.055225112547214,3.303764790131858,0.19928241918547296,3.069122536269911,0.1562533544619007
6072,6057,5.337333679199219,3.7238596628696246,1.3147606741906772,0.17984777496371285,0.988690502953392,2.234600343427297,0.1941210060539588,4.232310749866549,1.1050229293326694
6072,6062,3.0912147342364586,2.208003658016059,0.7920887851236482,0.5621194067732666,1.0524601454563254,2.8203045685279173,0.20322514880396492,2.6895134276170403,0.4017013066194184
6072,6063,5.865590098313159,2.679393187292965,0.9855903462334078,0.2605105432883147,2.8783781835905984,10.075958182641488,0.1927830410272088,3.1316397367622413,2.7339503615509173
6072,6070,3.047229528427124,4.56281084161327,1.5179388462565515,0.4070066560442729,1.391586197546549,3.625000000000156,0.20495719657367859,5.189273006416689,2.1420434779895654
6072,6078,2.0597975274126674,3.421179786898874,1.2299854585165984,0.003084778459394144,0.719889492466801,1.0384615384615978,0.20385527929569358,4.055406657395248,1.9956091299825807
6072,6080,4.336027222470414,1.9226701461647346,0.6537149210379707,0.7154028504170578,0.7901915057284111,1.4230769230766944,0.1742548028951837,2.3445169279760227,1.9915102944943914
6072,6081,3.181477069854736,1.8401066743741041,0.6098235451437145,0.8000204661954728,0.6467154853504478,3.9048912767099795,0.19373153094158435,2.278291319840075,0.9031857500146607
6072,6082,1.863613247871399,1.9948693245783031,0.6905785467320025,0.7313163542429265,0.9788451314307187,2.009994233772009,0.21009144999206616,2.4982507901410074,0.6346375422696084
6072,6084,1.9596685775258926,2.9425181142412296,1.079265716205132,0.20660257373035762,0.6036057018279484,3.11304935329534,0.21055434590791697,3.5447414113027453,1.5850728337768527
6072,6085,3.1255097083820487,5.021672149723323,1.6137629757934107,0.5415482816112054,0.8355690892498574,1.9729042034616846,0.20849962421160284,5.65412720191713,2.5286174935350814
6072,6090,4.685108184814453,8.983744675614162,2.1954167971318173,1.336793981076966,0.9050310470935865,5.2795862547271275,0.15929981112780545,9.432744863373692,4.747636678559239
6072,6094,4.092223385079066,4.139089000081568,1.4204757153335696,0.2984180424310898,0.8603209094780603,2.000000000000001,0.20424737206993604,4.70150244144166,0.6092790563625936
6072,6095,9.867135047912596,4.412124736321235,1.4843563730499123,0.4395587447065352,0.9125411293204305,2.922384632631584,0.2030242334822412,4.8271006839705555,5.04003436394204
6072,6099,10.321437835693361,3.1210494294511872,1.138169300859859,0.023463903272351594,0.677766378269347,0.9433106575963721,0.18922598228654,3.523382669968084,6.798055165725277
6072,6101,1.2270276091477796,0.011846008674198862,-4.435764288880556,8.622597986178377,11.865824589016393,49.2407407407444,0.1899296132052335,0.005163942115548645,1.221863667032231
6078,6022,1.6493401527404783,5.114715923814762,1.6321218599951788,0.21508153765732807,1.3912411706688652,3.4444444444446507,0.1530226012446949,5.930087012211081,4.280746859470603
6078,6028,6.072564601898193,4.330821408025818,1.4657572256459117,0.40290673116156617,1.3223335457337027,4.62696509716713,0.2088215063385277,4.869388177935564,1.2031764239626295
6078,6029,2.561024904251098,2.178478596414563,0.7786267416083724,0.567068398652252,1.6055356117628283,7.133945663733876,0.21950013943501734,2.69692862787531,0.135903723624212
6078,6033,2.5392112094198453,5.825161726115221,1.7621867632062997,0.44686546549959916,0.9107042694189714,2.89550663622913,0.13886465710067808,6.568639415243633,4.029428205823788
6078,6047,3.066597064069266,3.221090893674203,1.169720089036351,0.033822130380280147,0.9176159331017293,2.32134369167656,0.21303865125297627,3.8172322647509,0.7506352006816339
6078,6048,2.455431633201468,4.6323931087249575,1.5330736047017648,0.43530501434763,1.275453028795595,5.585841571023107,0.1930867397197651,5.345270279699096,2.889838646497628
6078,6056,3.2253758907318115,2.5762784261189573,0.946345887074888,0.3305669809778342,1.0630447986540015,3.303764790131858,0.21264631244089638,3.1131101063584166,0.11226578437339496
6078,6057,5.337333679199219,3.5624767486529727,1.2704560188795675,0.13940444909273486,1.006821124566104,1.924802313219821,0.1957989956033063,4.0995462901976865,1.2377873890015323
6078,6062,3.0912147342364586,2.544500193670175,0.9339342431600015,0.3512356827926226,1.0157772128340945,2.8771929824561346,0.20768388767466195,3.0830211609756697,0.008193573260788956
6078,6063,5.865590098313159,2.8072695317110328,1.0322123140421866,0.17755272707953385,2.8610966193532406,10.075958182641488,0.19423572446108076,3.293503447494955,2.5720866508182034
6078,6070,3.047229528427124,4.534239187607876,1.5116573049082356,0.41952726437683463,1.3605211445493366,3.625000000000156,0.20734464099821057,5.202418755540651,2.155189227113527
6078,6072,1.470114827156067,2.11281496898663,0.748021166880378,0.6574673621361635,0.9641977942765598,2.2029412776892094,0.20385527929569358,2.6757952993904333,1.2056804722343664
6078,6080,4.336027222470414,2.0909563250008643,0.7376215330934286,0.5849833225887396,0.8524459653071381,1.5391849529780497,0.1778989695621419,2.5502929539672254,1.7857342685031887
6078,6081,3.181477069854736,1.7785726688498273,0.5758111712004446,0.8248688790750525,0.6457585287561667,3.1748158784429035,0.1926835175398578,2.227469062046157,0.9540080078085791
6078,6082,1.863613247871399,1.9198250323661,0.6522340529112032,0.7600195840310349,0.9440756415491625,2.1461304472679665,0.2123230262457653,2.4329670391329583,0.5693537912615594
6078,6084,1.9596685775258926,2.8428534709264426,1.0448082910403846,0.23144339978866135,0.6206401655480218,2.531020153151502,0.21581177360747117,3.4642729978361526,1.50460442031026
6078,6085,3.1255097083820487,4.924143880778895,1.5941504281997083,0.5343057333646537,0.8282131577003208,1.9729042034616846,0.20809236336657908,5.600491833567346,2.474982125185297
6078,6090,4.685108184814453,8.57099340680869,2.148383642672335,1.2953451372981561,0.8946614300927825,5.205228628533194,0.16966488340404218,9.114318843594294,4.429210658779841
6078,6094,4.092223385079066,4.329216016062871,1.4653864669753147,0.3783379959061075,0.8490135770301264,1.9626168224299079,0.2254433435071974,4.936857591665842,0.8446342065867762
6078,6095,9.867135047912596,4.444591724069982,1.4916880141444142,0.4697369881032556,0.928854253829694,2.8480270064376514,0.21319529628805123,4.899302044345683,4.967833003566913
6078,6099,10.321437835693361,3.385960740762626,1.2196376890668288,0.10672390224840189,0.7927570830141182,1.1523809523809525,0.20735784884235353,3.8241811218121566,6.497256713881205
6078,6101,1.2270276091477796,0.006927316796624488,-4.972282727390697,9.401764208440978,11.858517991138944,49.2407407407444,0.20248141185355928,0.002769972935581512,1.2242576362121982
6080,6022,1.6493401527404783,4.075760970732214,1.4050574705428218,0.04068235767503259,1.4252274934832394,3.1525423728817334,0.16919801563710749,4.461679593431954,2.812339440691476
6080,6028,6.072564601898193,5.286394532867328,1.6651364507156998,0.7168691592753893,1.311900286506486,4.62696509716713,0.185924739117878,5.388594740106243,0.6839698617919501
6080,6029,2.561024904251098,2.214234879296813,0.7949069168694315,0.4969217854319671,1.6045975889720792,7.133945663733876,0.19389928625419195,2.5288606659264787,0.032164238324619454
6080,6033,2.5392112094198453,5.340465497121022,1.6753128209183774,0.3813987567577162,0.9079050593614441,2.89550663622913,0.15505036144694728,5.610456540549622,3.0712453311297767
6080,6047,3.066597064069266,2.355610408431555,0.8567998906689203,0.40255985700672214,0.9355556799490464,2.3957013178704933,0.17673872699819748,2.657359488450694,0.409237575618572
6080,6048,2.455431633201468,3.9016274875813832,1.3613937705963375,0.2545867479563231,1.232334069193145,4.230233676797921,0.15859737253679818,4.228335197625165,1.7729035644236966
6080,6056,3.2253758907318115,2.353462279062958,0.8558875541389268,0.4032272157839224,0.9291480410245504,2.460512855263225,0.18701797514038088,2.650384214401274,0.5749916763305376
6080,6057,5.337333679199219,2.9301217642287973,1.075043979922745,0.0720136576554058,0.9865098156973404,2.521260335436443,0.12761298835638857,3.1740251538916944,2.1633085253075244
6080,6062,3.0912147342364586,2.7114182966808116,0.9974718546970379,0.2189015172363713,1.2756721216924398,4.354231974921625,0.1872506087157051,3.017178225119619,0.07403650911683979
6080,6063,5.865590098313159,3.093845955040521,1.1294149626245578,0.00013196744764143453,2.6754647655279387,8.066350819634572,0.16514481461047126,3.322849634119985,2.5427404641931735
6080,6070,3.047229528427124,4.22781908175053,1.4416862765887926,0.37417160219525947,1.3512578007646479,3.625000000000156,0.1973117626670171,4.512007384597223,1.464777856170099
6080,6072,1.470114827156067,1.965344224918502,0.6756674080549107,0.7075407629525956,0.9476220489514141,2.2029412776892094,0.1742548028951837,2.315693773150183,0.8455789459941161
6080,6078,2.0597975274126674,2.87370367637144,1.055601677390366,0.16649929762131155,0.6984667280756518,1.1473354231974922,0.1778989695621419,3.2265521635508336,1.1667546361381662
6080,6081,3.181477069854736,1.9438196765108608,0.6646549427393948,0.6583102326599122,0.6895624764271935,3.1748158784429035,0.1501232258871097,2.230384651618583,0.9510924182361529
6080,6082,1.863613247871399,1.989144324497658,0.6877045585755668,0.6653236450001119,0.9336346780250602,2.009994233772009,0.1920942523649467,2.321304907148506,0.4576916592771072
6080,6084,1.9596685775258926,2.39421245855497,0.8730543494616279,0.4126338070745442,0.619745990077194,2.531020153151502,0.18432224084689652,2.740202939684388,0.7805343621584955
6080,6085,3.1255097083820487,5.117340335357976,1.632634838331945,0.6343755091374943,0.7336664882162222,1.6198742668558905,0.19870178818551731,5.358045475546285,2.232535767164236
6080,6090,4.685108184814453,7.900888008599548,2.0669751593077192,1.234640046219687,0.8913396875634698,5.2795862547271275,0.17969078555127505,7.8233823816665575,3.1382741968521044
6080,6094,4.092223385079066,4.09055950096072,1.4086817579997224,0.3510833075427682,0.8379901201215435,1.9978665041146004,0.18631060842018954,4.333390938558711,0.24116755347964514
6080,6095,9.867135047912596,4.918316653070596,1.5929663282748738,0.6531730588707767,0.8998048920044586,2.922384632631584,0.1832318649881095,4.961217252410704,4.9059177955018916
6080,6099,10.321437835693361,2.9371207615596395,1.0774297686880567,0.03512869729528578,0.6276148665630148,0.9433106575963721,0.16366180690854515,3.106838527838331,7.21459930785503
6080,6101,1.2270276091477796,0.08305498338564021,-2.4882524400795694,5.981945604276257,10.860213717664262,45.067796610175535,0.19663235000656665,0.048412625627685335,1.1786149835200943
6081,6022,1.6493401527404783,4.600195442397955,1.5260987900702983,0.10681089232174013,1.4875583534496701,3.4444444444446507,0.1450733105140658,5.305412139232844,3.656071986492366
6081,6028,6.072564601898193,5.01095751783801,1.6116270181603718,0.625189870292163,1.4992367342036839,5.521778259816082,0.19283479074503865,5.4715390353524835,0.6010255665457098
6081,6029,2.561024904251098,1.5703490149420192,0.4512978971655151,0.97565762042529,1.846446720387476,8.513586172679972,0.20858564318777387,1.9750093212203401,0.5860155830307581
6081,6033,2.5392112094198453,5.087622380131024,1.6268106055420042,0.3048576944308594,0.917970233410264,2.901664597415747,0.16664326645664196,5.722682916097946,3.1834717066781004
6081,6047,3.066597064069266,3.3843101721969533,1.219150095994234,0.05994703866679618,0.9270732786189975,2.3752456217531397,0.20342013070713058,3.9308756614649427,0.8642785973956766
6081,6048,2.455431633201468,2.8769356630358422,1.0567257218014106,0.17203045671990114,1.2593767118976864,4.331747387646179,0.19856163861329557,3.4206989399840655,0.9652673067825974
6081,6056,3.2253758907318115,2.960537654048541,1.085370891722707,0.11745069454073165,0.9463706815048336,2.5620265661114834,0.1940170765553053,3.4764824596841257,0.2511065689523142
6081,6057,5.337333679199219,4.2187505763598185,1.4395390122573173,0.3928682192044193,1.0432056410208153,2.04285625379143,0.19139127202091724,4.704268858499823,0.6330648206993956
6081,6062,3.0912147342364586,2.0699437484232996,0.7275214322333051,0.5987666405074576,1.048528276908858,2.8771929824561346,0.185546058131987,2.5187676927520832,0.5724470414843754
6081,6063,5.865590098313159,2.661196188852473,0.9787757167684091,0.22102068121717156,2.703161058913281,8.083505770910952,0.1669621433768007,3.0901470685203125,2.775443029792846
6081,6070,3.047229528427124,5.826840631548723,1.7624749377867,0.7816976209404396,1.336216077853788,4.142857142858064,0.19895770485272068,6.428029958267816,3.3808004298406917
6081,6072,1.470114827156067,2.112764772649972,0.7479974085609381,0.6299295622774559,0.9065043674524851,2.2076263392651945,0.19373153094158435,2.634884518843761,1.164769691687694
6081,6078,2.0597975274126674,3.5525032898425146,1.2676525070527334,0.09620739240365017,0.6672275564319876,1.0384615384615978,0.1926835175398578,4.166007884876468,2.1062103574638003
6081,6080,4.336027222470414,2.0309915610622085,0.7085241275242329,0.5957773810208592,0.8418771655537045,1.5391849529780497,0.1501232258871097,2.4461031783074803,1.889924044162934
6081,6082,1.863613247871399,1.8244140065438899,0.6012588431685653,0.8003356474205269,0.9651209704867006,2.162240000844588,0.19329987605778642,2.2878334885255747,0.42422024065417574
6081,6084,1.9596685775258926,2.1291233531062903,0.7557103236910148,0.5891872817371077,0.9773544394466447,3.11304935329534,0.20050853334320928,2.626237402592863,0.6665688250669706
6081,6085,3.1255097083820487,5.021956486538746,1.6138195961297046,0.5884548842899233,0.7443012655387938,1.627640038931404,0.1884471771998948,5.614005971359742,2.488496262977693
6081,6090,4.685108184814453,8.455827084013238,2.134855799448405,1.3050378335677302,0.9137847655388184,5.326094776262127,0.16781057429397173,8.865979334140889,4.180871149326435
6081,6094,4.092223385079066,4.023971420880456,1.3922693306053329,0.3086838778765788,0.8288087907615583,1.9626168224299079,0.19892238046202484,4.550283872686478,0.4580604876074119
6081,6095,9.867135047912596,4.435085062196159,1.4895467953287207,0.494736540313071,0.8886261834592512,2.9141585978550077,0.19731707644977695,4.815161897576848,5.051973150335748
6081,6099,10.321437835693361,3.0931697307118724,1.1291963679528492,0.01385156645009289,0.7326438872723526,1.1801885447190152,0.13613384729301092,3.469917099514004,6.851520736179357
6081,6101,1.2270276091477796,0.010159010455302401,-4.589394237706766,8.836538027119,11.866153163549885,49.2407407407444,0.14162795631176683,0.004307014066693398,1.2227205950810862
6082,6022,1.6493401527404783,4.708645841102317,1.5494003594932484,0.09008133173161736,1.4048163344886782,3.278092512893875,0.15031509241069885,5.3844864080118136,3.735146255271335
6082,6028,6.072564601898193,4.584247938295287,1.5226260657105002,0.4724601462302487,1.3683066265365376,5.521778259816082,0.22571675530161417,5.0165746801901365,1.0559899217080568
6082,6029,2.561024904251098,2.0009263094782193,0.6936102280760048,0.6865188219802569,1.8037001679057612,8.513586172679972,0.22307245859892677,2.4437168643168246,0.11730803993427363
6082,6033,2.5392112094198453,5.403141532951911,1.6869805497718302,0.3274658967214221,0.9067411087097825,2.901664597415747,0.15795085595232286,6.004981119184673,3.4657699097648274
6082,6047,3.066597064069266,3.367763802190158,1.2142489639298117,0.019448342495995696,0.9415172360846258,2.3752456217531397,0.22493129181537763,3.8889529597953176,0.8223558957260515
6082,6048,2.455431633201468,4.007311788692526,1.388120639630763,0.23585446381370612,1.2698980864002731,5.585841571023107,0.1976949223408555,4.587753620549544,2.1323219873480763
6082,6056,3.2253758907318115,2.5186421069908245,0.9237199098612072,0.3670204816028757,1.0238408319096601,3.303764790131858,0.20829215849299962,2.98463495485497,0.24074093587684153
6082,6057,5.337333679199219,3.5192881453172324,1.2582587377145018,0.11713916199433116,0.9568202390551387,2.234600343427297,0.19927839480562862,3.9676222232533958,1.369711455945823
6082,6062,3.0912147342364586,2.1409284686814654,0.7612395988118894,0.5878989997467452,1.0318095623740473,2.8203045685279173,0.21100244328340256,2.5805144673807088,0.5107002668557499
6082,6063,5.865590098313159,2.4862550657341385,0.9107775886838742,0.34574661798843187,2.8526864195174717,10.075958182641488,0.2097411841616303,2.8875508040610365,2.978039294252122
6082,6070,3.047229528427124,4.553451427254623,1.515885500845667,0.4188784942410242,1.3557521934754142,3.625000000000156,0.21691076400549947,5.110388767587677,2.0631592391605533
6082,6072,1.470114827156067,1.996212010717466,0.6912513900428834,0.7402766092364008,0.9056010826367131,2.2076263392651945,0.21009144999206616,2.4873299369466646,1.0172151097905977
6082,6078,2.0597975274126674,3.405047340110543,1.2252588426209936,0.005629378355108461,0.700596329574856,0.928571428571326,0.2123230262457653,3.984110854343971,1.9243133269313035
6082,6080,4.336027222470414,1.9452548233016385,0.6653929830397238,0.6872715360846839,0.7606392511647571,1.2914746543778732,0.1920942523649467,2.3377405914155354,1.9982866310548788
6082,6081,3.181477069854736,1.8161314750987727,0.5967086757406233,0.8032390499175708,0.6496062444479419,3.7439075926332994,0.19329987605778642,2.2213154488445044,0.9601616210102315
6082,6084,1.9596685775258926,2.812964722134375,1.0342389884174827,0.25184643173082977,0.6004496282917657,2.9534725728171707,0.2164418987914001,3.357734205687678,1.3980656281617856
6082,6085,3.1255097083820487,4.826008791426878,1.5740197888810146,0.5014450031604525,0.7464240527593279,1.6198742668558905,0.2152237377641708,5.381500795107212,2.2559910867251634
6082,6090,4.685108184814453,11.379427966729276,2.4318071608907794,1.6669036359513865,0.8987205308979135,5.326094776262127,0.18610409947329232,11.525981939767739,6.840873754953286
6082,6094,4.092223385079066,4.041138467502259,1.396526451161908,0.28034840782996495,0.8147010035342266,2.000000000000001,0.2344901425669783,4.539211880649639,0.4469884955705732
6082,6095,9.867135047912596,4.439119389936664,1.4904560211731768,0.4618540287441806,0.9006075586873975,2.9141585978550077,0.213897441878671,4.788917539450933,5.0782175084616625
6082,6099,10.321437835693361,3.233721581338744,1.1736336663353015,0.03900135356575962,0.6400181886709694,0.9433106575963721,0.20892135093440367,3.5896258573548327,6.731811978338529
6082,6101,1.2270276091477796,0.016337933064211694,-4.114265693009786,8.253096254217883,10.866011447375662,45.067796610175535,0.20955102052209407,0.007956929759603545,1.219070679388176
6084,6022,1.6493401527404783,4.670152102343875,1.54119164124546,0.09183054406316771,1.3565272833126518,3.1525423728817334,0.1484849287057326,5.322290991838607,3.672950839098129
6084,6028,6.072564601898193,4.656668076687829,1.538300187396956,0.4964315136785111,1.278605959153529,4.62696509716713,0.2031230749603612,5.066942439999989,1.005622161898204
6084,6029,2.561024904251098,2.138273590304053,0.7599987699463904,0.5951610302742958,1.7446868719427462,7.133945663733876,0.21612701138442933,2.5841454193409787,0.023120515089880556
6084,6033,2.5392112094198453,5.3447505117995995,1.6761148664558199,0.33015995563344425,0.9015216532842592,2.89550663622913,0.1614859901166994,5.921366839429931,3.3821556300100855
6084,6047,3.066597064069266,3.2347498591912434,1.1739516016838967,0.031434299481405414,0.8908649218331657,2.3752456217531397,0.21287577962002668,3.734034533406086,0.6674374693368197
6084,6048,2.455431633201468,3.713441732267125,1.3119591372183645,0.13725892987436739,1.2269967366541006,4.331747387646179,0.20165350157291506,4.264356640540774,1.8089250073393055
6084,6056,3.2253758907318115,2.52560651209904,0.9264812366947477,0.36024633441325626,0.8997160604719187,2.5620265661114834,0.203259172183337,2.979586825622447,0.24578906510936438
6084,6057,5.337333679199219,3.702027499582126,1.30888064242791,0.187343130083248,0.9452194896854232,1.924802313219821,0.21121450369316985,4.136196320130063,1.2011373590691559
6084,6062,3.0912147342364586,2.05871392922887,0.722081481641649,0.6368619492013547,1.0208202841069172,2.8771929824561346,0.21078681316218417,2.480273570087572,0.6109411641488864
6084,6063,5.865590098313159,2.4806594159608832,0.9085244183660846,0.3456659014313833,2.6983286617476976,8.066350819634572,0.19823788372423531,2.8696180571369663,2.9959720411761923
6084,6070,3.047229528427124,8.087718396184473,2.0903466636274173,1.1879202954437191,1.5865490903848256,4.142857142858064,0.21002141678395006,8.557729496283011,5.510499967855887
6084,6072,1.470114827156067,2.217324737453843,0.7963013959806027,0.596053967645261,0.8870074620159701,2.2029412776892094,0.21055434590791697,2.7238979284864855,1.2537831013304186
6084,6078,2.0597975274126674,3.3821121413088737,1.2185004082084134,0.00020747229679152213,0.6431203172887355,0.964285714285663,0.21581177360747117,3.9432617750228003,1.8834642476101329
6084,6080,4.336027222470414,2.0018564960284295,0.6940749980183931,0.6463442236859632,0.7377577792635425,1.321428571428213,0.18432224084689652,2.3891655207365,1.9468617017339143
6084,6081,3.181477069854736,1.777225592076118,0.575053492198823,0.8290891360434745,1.121264834118319,3.9048912767099795,0.20050853334320928,2.169107151774581,1.012369918080155
6084,6082,1.863613247871399,1.9520158197289987,0.6688625923274246,0.7409763144568822,0.9356042870183044,2.162240000844588,0.2164418987914001,2.4067843099647455,0.5431710620933465
6084,6085,3.1255097083820487,5.211016812817722,1.650775002330954,0.6065224906900579,0.7316925338196546,1.627640038931404,0.21210321851940725,5.744376285220353,2.6188665768383044
6084,6090,4.685108184814453,9.117940393666796,2.2102439445541324,1.3746491893189494,0.9035414888090914,5.326094776262127,0.16289945031280761,9.392868026688348,4.707759841873894
6084,6094,4.092223385079066,4.039303205055691,1.3960722031015924,0.28268893391093886,0.8142685643902232,1.9626168224299079,0.22051983655073948,4.518369814795118,0.4261464297160522
6084,6095,9.867135047912596,4.455421332315197,1.494121631605751,0.46976998975950823,0.8619021384713936,2.9141585978550077,0.20579834890929014,4.784730777240611,5.082404270671985
6084,6099,10.321437835693361,3.1050522103837355,1.1330305301824737,0.011915131387315814,0.5951150785124323,0.8338192419825075,0.18545532990559188,3.4456778913326582,6.875759944360703
6084,6101,1.2270276091477796,0.016172263217996242,-4.124457651179981,8.2824995503642,10.861542996481855,45.067796610175535,0.18837670079553015,0.009404518567035915,1.2176230905807437
6085,6022,1.6493401527404783,4.394476491842796,1.4803484095584414,0.04628079516974726,1.5072960142494782,3.5789473684210615,0.17191142538421442,5.076257899228631,3.4269177464881526
6085,6028,6.072564601898193,5.173528112096841,1.6435548759123826,0.6667659096085143,1.459392841295767,5.942978200798251,0.22518256301270612,5.616378972035385,0.45618562986280864
6085,6029,2.561024904251098,2.1140658506784815,0.7486130367635072,0.5803162622500131,1.6533097358569646,9.127466994166374,0.21959190835599984,2.5774811655718204,0.0164562613207222
6085,6033,2.5392112094198453,5.048516490953522,1.6190944359625037,0.29486781532664796,0.9069011913319145,2.7936517040827096,0.17249988216569356,5.6672077724609995,3.127996563041154
6085,6047,3.066597064069266,3.9736861527218665,1.3796941658528623,0.27294505676588066,0.9255873430782415,2.32134369167656,0.22405654074515002,4.532875352553834,1.4662782884845678
6085,6048,2.455431633201468,3.870597245488823,1.3534088221342,0.22248468138637634,1.2381376829145645,4.331747387646179,0.2033559289182001,4.461622839686302,2.006191206484834
6085,6056,3.2253758907318115,2.6777827121537907,0.9849891058717261,0.2523199302152548,1.0176848599419477,2.5620265661114834,0.22274519231431017,3.1659066600711,0.059469230660711414
6085,6057,5.337333679199219,3.4536385452673914,1.2394283260919698,0.12505325234144737,0.9630177573020768,1.924802313219821,0.19431687994601363,3.914383862358115,1.4229498168411037
6085,6062,3.0912147342364586,1.9478661473349652,0.6667344899924452,0.6808257935774676,1.30489975902371,4.354231974921625,0.20817235323778535,2.3774111917943346,0.7138035424421241
6085,6063,5.865590098313159,2.7520622466655937,1.0123505385164588,0.17725118800148887,2.687135557136693,7.964495887488152,0.2101916124153651,3.176678023643514,2.6889120746696444
6085,6070,3.047229528427124,4.231809610870749,1.442629705564507,0.35420808934403025,1.3423486334927521,3.625000000000156,0.21144916477318115,4.799560861737149,1.7523313333100248
6085,6072,1.470114827156067,1.922847894992872,0.653807365710632,0.7563152516878138,0.9262068317319053,2.1010863455427895,0.20849962421160284,2.412973711996281,0.9428588848402142
6085,6078,2.0597975274126674,3.3098127334728624,1.196891611798418,0.0008305038448754853,0.6965011553391462,1.1473354231974922,0.20809236336657908,3.896881324330049,1.8370837969173817
6085,6080,4.336027222470414,1.8178181531882651,0.5976369650033492,0.7446600949571693,0.764803361281731,1.3856613102595756,0.19870178818551731,2.206505049376444,2.12952217309397
6085,6081,3.181477069854736,1.7303541712965946,0.5483261108495632,0.8347714837426807,0.6855095997851849,3.0493483254120353,0.1884471771998948,2.1336899712202224,1.0477870986345135
6085,6082,1.863613247871399,2.1497952068381614,0.765372584969338,0.5825070313515587,0.9204452285883019,2.162240000844588,0.2152237377641708,2.6467414878919038,0.7831282400205049
6085,6084,1.9596685775258926,3.1441246817727264,1.145535530833034,0.07046068998842636,0.6082096993235273,2.4055526001206333,0.21210321851940725,3.726581304572547,1.7669127270466545
6085,6090,4.685108184814453,9.056038707190348,2.203431795655574,1.3954653732769717,0.8804198525826885,5.205228628533194,0.183544913236677,9.407492573195853,4.7223843883814
6085,6094,4.092223385079066,4.140386593505993,1.4207891635514867,0.345686148311001,0.8620477936717956,2.000000000000001,0.2304462277747849,4.65635698101023,0.564133595931164
6085,6095,9.867135047912596,4.487332697620896,1.5012584712522012,0.509398900054695,0.8728282188100502,2.8480270064376514,0.22063042523415222,4.853043559450069,5.014091488462527
6085,6099,10.321437835693361,3.3161400480977377,1.1988014704275787,0.10567027637821003,0.622449638065355,0.8338192419825075,0.21290468177030752,3.6852812579277083,6.636156577765653
6085,6101,1.2270276091477796,0.019219353549636685,-3.9518375102597094,8.000559558972142,11.24531791303489,46.96491228070206,0.2113387343918567,0.009175214859819984,1.2178523942879595
6090,6022,1.6493401527404783,3.6103466644698536,1.2838037966733238,0.1891301623338535,1.3952240003309078,3.45762711864452,0.16243237468764682,3.855079730562308,2.20573957782183
6090,6028,6.072564601898193,5.484670466991936,1.7019570129783408,0.7702509020018917,1.290267070176134,4.62696509716713,0.18675387525988085,5.371840489992477,0.7007241119057159
6090,6029,2.561024904251098,2.1696014162245936,0.7745434715221121,0.5199093286767865,1.572064236622841,7.133945663733876,0.19164183756237585,2.3938834232116295,0.1671414810394687
6090,6033,2.5392112094198453,5.190389713096745,1.6468087835874021,0.3632553760980688,0.903836579055192,2.89550663622913,0.15079974013956776,5.272026572021915,2.7328153626020693
6090,6047,3.066597064069266,5.1900784568911265,1.646748813998244,0.6548282485839969,0.9255575965400172,3.063772601275078,0.16069724381222006,5.23632940321033,2.1697323391410634
6090,6048,2.455431633201468,3.4985003274995776,1.2523343988152371,0.11346996910002227,1.2260749235721264,4.230233676797921,0.19027516926265364,3.69399189935631,1.2385602661548418
6090,6056,3.2253758907318115,1.9580438856583626,0.671945957370093,0.6440708703793725,0.9082188259599902,2.460512855263225,0.1754032866513977,2.16377282249382,1.0616030682379916
6090,6057,5.337333679199219,4.456363041269453,1.4943329717635208,0.49076543499054903,1.0239323800631728,2.521260335436443,0.1809686497974914,4.472418717835709,0.8649149613635094
6090,6062,3.0912147342364586,2.5655920995918526,0.9421892900312361,0.2880059066472126,1.013578588313074,3.2037790851276458,0.1693887406401421,2.7673123600631486,0.32390237417331
6090,6063,5.865590098313159,4.565712377837279,1.5185745539722402,0.5233258260625249,2.7215725345370467,8.066350819634572,0.18592386643855519,4.556212197731031,1.3093779005821276
6090,6070,3.047229528427124,5.676740034444624,1.736377130370053,0.7715131878118031,1.288359310143708,4.142857142858064,0.1868821885420111,5.679932322147312,2.6327027937201883
6090,6072,1.470114827156067,2.1293219783285724,0.7558036090132236,0.5953170137210531,0.9041458108184423,2.2029412776892094,0.15929981112780545,2.4007606364583363,0.9306458093022694
6090,6078,2.0597975274126674,3.0943819597579445,1.129588196295374,0.06330531351260493,0.6488937882315361,0.928571428571326,0.16966488340404218,3.3265190195569048,1.2667214921442373
6090,6080,4.336027222470414,2.3031995195675714,0.8342992517223597,0.4032243358514449,0.7652177445102103,1.2914746543778732,0.17969078555127505,2.4797959307978177,1.8562312916725965
6090,6081,3.181477069854736,2.0275759005561738,0.7068409418461585,0.5977334417879024,0.6424963267513613,3.1748158784429035,0.16781057429397173,2.2342697782310164,0.9472072916237195
6090,6082,1.863613247871399,1.193898597385052,0.17722408455073502,1.3412327973141775,1.0673747700559704,2.9163438560581705,0.18610409947329232,1.410350577520852,0.4532626703505469
6090,6084,1.9596685775258926,2.9493743623081548,1.0815930672859566,0.13007956490364814,0.5997773957484446,2.531020153151502,0.16289945031280761,3.19083289811059,1.2311643205846972
6090,6085,3.1255097083820487,4.870573318828057,1.5832116547708512,0.572461538010669,0.7505948106651781,1.6971352654007241,0.183544913236677,4.940443741159913,1.8149340327778645
6090,6094,4.092223385079066,4.30648107836039,1.4601211154978335,0.4238442728245124,0.8440083107672064,1.9626168224299079,0.18607979678067732,4.37743458585586,0.28521120077679374
6090,6095,9.867135047912596,5.22798829381031,1.6540265566260162,0.7386855929796694,0.9240641889119411,3.7373281473179,0.2022600075354424,5.055456734668385,4.811678313244211
6090,6099,10.321437835693361,3.2176098267091398,1.1686387940809218,0.09098808914681089,0.5982122702487527,0.9433106575963721,0.17465107749798925,3.2533987485055826,7.0680390871877785
6090,6101,1.2270276091477796,0.20501491230707483,-1.584672559528029,4.771798102159515,10.864149681082758,45.37288135593832,0.16565850519134828,0.13514698381286153,1.091880625334918
6094,6022,1.6493401527404783,5.03505513408054,1.6164244762755264,0.24226986839646436,1.4187606636147427,3.5789473684210615,0.14248925531047107,6.084779939019728,4.435439786279249
6094,6028,6.072564601898193,4.874773272524327,1.5840735951681326,0.6046900182592148,1.3074779033190438,4.678594218311864,0.2371482339091069,5.640487580388206,0.43207702150998717
6094,6029,2.561024904251098,1.951875497650105,0.6687907040152016,0.6692888789308964,1.7755520730555006,7.18557478487861,0.22858614737034189,2.541341745085063,0.019683159166035136
6094,6033,2.5392112094198453,5.572965133659646,1.7179272522713358,0.4423240624960929,0.9089599083992874,2.7936517040827096,0.1776895851705773,6.568046625818661,4.028835416398815
6094,6047,3.066597064069266,3.4262430017556462,1.2314643260952012,0.09275576986278544,0.9027895441615102,2.3957013178704933,0.23344480154582148,4.201087941663078,1.1344908775938123
6094,6048,2.455431633201468,4.137759513823067,1.4201544611103705,0.3288248741508317,1.2560109264023267,4.230233676797921,0.20442733937928528,5.022868779729665,2.5674371465281967
6094,6056,3.2253758907318115,2.375226463484572,0.8650927859869275,0.39496684135941373,0.9283605369462429,2.460512855263225,0.20859128224260726,3.0103658617722227,0.21501002895958887
6094,6057,5.337333679199219,3.571108764706882,1.2728761259213426,0.18724698148612595,0.9712838998116496,2.04285625379143,0.2186962466286429,4.2760085695772,1.061325109622019
6094,6062,3.0912147342364586,2.024438985764459,0.7052926181077717,0.6123407817602232,1.2943762948218553,4.354231974921625,0.2235138581248174,2.609080473894623,0.4821342603418355
6094,6063,5.865590098313159,1.1820998552182673,0.16729239529577306,1.2867744969932648,2.7576694978203085,7.964495887488152,0.1960305715488729,1.567307772230208,4.29828232608295
6094,6070,3.047229528427124,4.619320360579608,1.5302475861725378,0.488245762934834,1.4139990331956798,3.625000000000156,0.23080083406703544,5.506325437664965,2.459095909237841
6094,6072,1.470114827156067,2.1185494970395142,0.750731655002954,0.6107274675462464,0.9315535599433937,2.1010863455427895,0.20424737206993604,2.79170650864809,1.321591681492023
6094,6078,2.0597975274126674,3.4768650983972402,1.2461310539978836,0.08362397701482327,0.7005195727485567,1.1473354231974922,0.2254433435071974,4.318146711153761,2.258349183741094
6094,6080,4.336027222470414,1.904563826170906,0.6442530197227729,0.6648867146788309,0.7729889410937392,1.3856613102595756,0.18631060842018954,2.4392388219858114,1.8967884004846027
6094,6081,3.181477069854736,1.78746630669288,0.5807991460057889,0.7741949164647457,0.7089414654522801,3.7439075926332994,0.19892238046202484,2.3287531386470692,0.8527239312076667
6094,6082,1.863613247871399,1.885054831062889,0.6339569085739469,0.7407571804356861,0.9455773142718993,2.009994233772009,0.2344901425669783,2.490613641098458,0.6270003932270591
6094,6084,1.9596685775258926,2.8335660590223957,1.0415360099334736,0.1919418939675659,0.6318117957321236,2.9534725728171707,0.22051983655073948,3.5948283108135084,1.6351597332876158
6094,6085,3.1255097083820487,4.971323787404616,1.6036861602567891,0.5914318346455072,0.8022500811337534,1.9729042034616846,0.2304462277747849,5.879290305964528,2.753780597582479
6094,6090,4.685108184814453,9.045561770005754,2.2022742252664043,1.411071040312615,0.9009726730822099,5.2795862547271275,0.18607979678067732,9.959818935629446,5.274710750814993
6094,6095,9.867135047912596,4.34406710954463,1.4688110313025033,0.48341006095494765,0.9312856007746179,2.922384632631584,0.22075190976254544,4.994556415370681,4.872578632541915
6094,6099,10.321437835693361,3.079138720749417,1.1246499217596937,0.02389629451340869,0.6438648215493127,1.1523809523809525,0.19806361701311181,3.6523000332636664,6.669137802429695
6094,6101,1.2270276091477796,0.004082085276080645,-5.501147324053103,10.011646774678189,11.239680727722824,46.96491228070206,0.188332446571019,0.002708200663882165,1.2243194084838975
6095,6022,1.6493401527404783,4.1755227522351195,1.4292395605808828,0.045784389780267,1.446534183299819,3.278092512893875,0.16485107781533573,4.52042289045354,2.8710827377130617
6095,6028,6.072564601898193,4.587813782673918,1.5234036105345021,0.5802822379254435,1.410386117710447,5.521778259816082,0.21353086199037252,4.6985379705174815,1.374026631380712
6095,6029,2.561024904251098,2.4528701108639837,0.8972588127386325,0.30767208842791316,1.823515861148633,8.513586172679972,0.21304277837342533,2.749926537714373,0.1889016334632747
6095,6033,2.5392112094198453,4.921923254128308,1.5936993594312727,0.334687398341184,0.9248785291322308,2.901664597415747,0.1653887247233996,5.165451814825616,2.6262406054057705
6095,6047,3.066597064069266,3.423113623820338,1.2305505532186742,0.14854463954584562,0.9956209654230044,3.063772601275078,0.20516039642350337,3.6939248858339027,0.6273278217646365
6095,6048,2.455431633201468,5.879877118601917,1.7715358634952123,0.8540275817729197,1.2918478644022884,4.230233676797921,0.2027717012685826,6.074444327660981,3.6190126944595127
6095,6056,3.2253758907318115,1.8830555561981759,0.6328957533280289,0.6481918354376677,0.9492749606061409,2.460512855263225,0.2216847855674149,2.147171424555431,1.0782044661763805
6095,6057,5.337333679199219,2.7244367569333097,1.0022617120475406,0.11601189630927944,1.0444395191492517,2.521260335436443,0.18252518331495937,2.9457137674709557,2.391619911728263
6095,6062,3.0912147342364586,1.5659112087161389,0.44846789654615726,0.8987877263797728,1.0225131690004816,3.2037790851276458,0.18972999945338387,1.8199433878351152,1.2712713464013434
6095,6063,5.865590098313159,1.708698426921167,0.5357319268426313,0.7390755654328516,2.747634422157778,8.083505770910952,0.18759221058933676,1.92491569869296,3.9406743996201987
6095,6070,3.047229528427124,4.608177916050619,1.527832532902274,0.5413891885966868,1.2904097626671052,3.625000000000156,0.21869992417500128,4.835019836885509,1.7877903084583853
6095,6072,1.470114827156067,2.1372719874277477,0.7595302435904351,0.5447128902901409,0.9041796423064887,2.2076263392651945,0.2030242334822412,2.4763518708551926,1.0062370436991257
6095,6078,2.0597975274126674,3.3592486400756294,1.2117173299435404,0.09388603712756516,0.6505971795081663,0.9629629629629078,0.21319529628805123,3.6834980233523114,1.623700495939644
6095,6080,4.336027222470414,2.2152564623257036,0.7953681811402992,0.40583558360931093,0.7634189897103046,1.3333333333329795,0.1832318649881095,2.461035121649989,1.8749921008204251
6095,6081,3.181477069854736,1.8702769232388412,0.6260865071961523,0.6572656690823584,0.6632543981239024,3.7439075926332994,0.19731707644977695,2.1350285923025543,1.0464484775521816
6095,6082,1.863613247871399,2.1245153567748023,0.7535437089649626,0.525589766952408,1.071226936293467,2.9163438560581705,0.213897441878671,2.4422004886733637,0.5785872408019648
6095,6084,1.9596685775258926,2.682379918449984,0.9867044297304299,0.20879476842626288,0.6152477547311608,2.9534725728171707,0.20579834890929014,3.0103594077455473,1.0506908302196547
6095,6085,3.1255097083820487,4.403952570486537,1.4825024491581484,0.4871687538044993,0.7592146408330157,1.6971352654007241,0.22063042523415222,4.6365308361054325,1.5110211277233838
6095,6090,4.685108184814453,7.856581882735392,2.0613516368855205,1.279387710989968,1.190024193392476,6.751864931008853,0.2022600075354424,7.715492123591311,3.0303839387768576
6095,6094,4.092223385079066,3.61526248270715,1.2851644622990448,0.2389934766204973,0.8191731264426957,1.8801539307311723,0.22075190976254544,3.841250053356044,0.25097333172302205
6095,6099,10.321437835693361,3.1320865770003254,1.1416994204669142,0.1027179968491525,0.5999943301030243,1.1523809523809525,0.19980817433565845,3.2640071283954226,7.0574307072979385
6095,6101,1.2270276091477796,0.15222765052982132,-1.8823781777171187,5.037671527015892,10.87322875844197,45.067796610175535,0.1934957829810462,0.12551592075707427,1.1015116883907055
6099,6022,1.6493401527404783,4.27050026413356,1.451730978254797,0.09508650778905081,1.374719241170219,3.45762711864452,0.15881082049138887,4.928050204488123,3.2787100517476446
6099,6028,6.072564601898193,4.226488404159322,1.4413714837794667,0.473035175491731,1.3299442346300139,4.678594218311864,0.19649433140313322,4.660022766062872,1.412541835835321
6099,6029,2.561024904251098,1.9584469377912577,0.6721517804665775,0.6060759487934064,1.5658614987334178,7.18557478487861,0.1931164837341173,2.396224603891492,0.16480030035960613
6099,6033,2.5392112094198453,4.029053833968782,1.3935315677403919,0.09714403653837445,1.0517747885182573,2.7936517040827096,0.1507529779669852,4.603776150827715,2.0645649414078693
6099,6047,3.066597064069266,3.3743143529832316,1.2161921490141525,0.13110936886045899,0.9020535517356677,2.32134369167656,0.21588486044988464,3.894974361598865,0.8283772975295989
6099,6048,2.455431633201468,4.069991779111462,1.4036409795781302,0.3654972190518986,1.2355912932208613,4.538985019728225,0.17243896559096694,4.651648751646832,2.1962171184453636
6099,6056,3.2253758907318115,3.3736393251947923,1.2159920801272324,0.13153717554840938,0.9460171863433876,2.6400978868246123,0.21365912786099517,3.8872547525146266,0.6618788617828151
6099,6057,5.337333679199219,3.9298049405097766,1.368589791191317,0.3735983690609881,0.9529024833976836,2.04285625379143,0.1906066155916165,4.383201225518338,0.9541324536808808
6099,6062,3.0912147342364586,2.2584555526999246,0.8146811959099791,0.40787522090037376,1.0070311753098116,2.830456852791874,0.20467647389010524,2.7077816595989455,0.3834330746375132
6099,6063,5.865590098313159,2.5469536911730253,0.9348980141174743,0.2046855392481821,2.7574579453853163,8.275154078732916,0.16974005871021336,2.950636559376838,2.9149535389363206
6099,6070,3.047229528427124,3.2350160341460317,1.1740338843999414,0.07193425787584795,1.2906464119702798,4.142857142858064,0.21157993191038815,3.750053772168811,0.702824243741687
6099,6072,1.470114827156067,2.3877464057894917,0.8703499946607118,0.39260152407929816,0.8916606038287923,2.1010863455427895,0.18922598228654,2.9242570048850887,1.4541421777290218
6099,6078,2.0597975274126674,2.7105288497567503,0.9971437633645268,0.18972618863591673,0.7477741005130076,0.928571428571326,0.20735784884235353,3.2404536916532694,1.180656164240602
6099,6080,4.336027222470414,1.6369681978793378,0.4928458711259696,0.8079996934725024,0.7492524918912086,1.2914746543778732,0.16366180690854515,1.9994254568970355,2.336601765573379
6099,6081,3.181477069854736,1.702869724576499,0.5323149011481765,0.7801850319241298,0.7452939390993324,3.0493483254120353,0.13613384729301092,2.0951550254193525,1.0863220444353834
6099,6082,1.863613247871399,1.9423437695421355,0.6638953725050629,0.6422401890195559,0.9060293170814553,2.1461304472679665,0.20892135093440367,2.405547574720224,0.5419343268488253
6099,6084,1.9596685775258926,3.021397259915766,1.1057193932348297,0.047718106071949595,0.6063049720111777,2.4055526001206333,0.18545532990559188,3.5813082544261654,1.6216396769002728
6099,6085,3.1255097083820487,3.6509934401098487,1.2949993059339642,0.23861337643715608,0.7275620990852025,1.627640038931404,0.21290468177030752,4.179991476973983,1.0544817685919345
6099,6090,4.685108184814453,8.564303047280502,2.147602756285445,1.3967906987904601,0.8890768260041424,5.205228628533194,0.17465107749798925,8.910723912084318,4.225615727269865
6099,6094,4.092223385079066,3.1830346765441337,1.1578350425366026,0.07109692561076453,0.8097916130883736,1.8801539307311723,0.19806361701311181,3.656782003254224,0.43544138182484193
6099,6095,9.867135047912596,4.270030741696337,1.4516210266751175,0.5190807119321132,0.9164615463211948,2.8480270064376514,0.19980817433565845,4.622598517065884,5.244536530846712
6099,6101,1.2270276091477796,0.014147703748593237,-4.258202947312954,8.2327017229824,10.859984391510572,45.37288135593832,0.18234452031049497,0.006452348474210897,1.2205752606735687
6101,6022,1.6493401527404783,5.4773847818527015,1.7006277574607185,1.0813528297313832,1.4445103540338629,3.5789473684210615,0.13881981715895897,6.147291523783336,4.497951371042857
6101,6028,6.072564601898193,6.436383065463083,1.8619667465421417,0.821051453377585,1.5002341657582854,5.942978200798251,0.20025178187715498,7.112940590295006,1.0403759883968124
6101,6029,2.561024904251098,2.2236547367756128,0.7991521200811295,0.6819014219429635,1.8308620312015484,9.127466994166374,0.19321132794102658,2.0646577871906238,0.4963671170604744
6101,6033,2.5392112094198453,4.613389145920411,1.5289627595523676,1.9118536800139503,0.9381620558201994,2.80989742583855,0.13475507024531974,4.932420435249668,2.3932092258298225
6101,6047,3.066597064069266,3.4360171266804116,1.234312988591662,0.08897897935420618,0.9263472480659041,2.3957013178704933,0.2106392077051984,3.4473813789065,0.38078431483723385
6101,6048,2.455431633201468,4.707651737557955,1.5491892141806134,0.3300547008020034,1.2616723505650624,4.538985019728225,0.15636858922779462,5.058931758777238,2.6035001255757697
6101,6056,3.2253758907318115,2.352054021521678,0.8552889981066591,0.5597820253597485,0.9429446466574006,2.6400978868246123,0.20605823630177933,2.1895379832291866,1.035837907502625
6101,6057,5.337333679199219,3.678644078957058,1.302544227478805,0.020869093616609824,0.977918907932866,2.234600343427297,0.17173675129249955,3.6664126183045744,1.6709210608946443
6101,6062,3.0912147342364586,2.2935452049870118,0.8300987449053279,0.5767209185986865,1.0641316350317689,2.8771929824561346,0.19523256747277662,2.127950938698211,0.9632637955382477
6101,6063,5.865590098313159,2.0741037594041147,0.7295291371982373,0.6895396543942247,2.8094253106791753,8.275154078732916,0.18654106991595776,1.8447023743950466,4.020887723918112
6101,6070,3.047229528427124,5.067397449153847,1.622827362169114,0.46005857649507287,1.3295654006660915,4.142857142855092,0.2175504499563381,5.4809768472102665,2.4337473187831424
6101,6072,1.470114827156067,2.1892494077450397,0.7835587488914585,0.5905512719876431,0.9194042621001269,2.113304641798117,0.1899296132052335,2.0788023244335765,0.6086874972775096
6101,6078,2.0597975274126674,3.746833268758629,1.3209110215593425,0.042023206266567525,0.6658180002727544,0.928571428571326,0.20248141185355928,3.87725291170518,1.8174553842925127
6101,6080,4.336027222470414,2.2748760548037352,0.8219255695137966,0.6369161841223879,0.8222658106523051,1.5391849529780497,0.19663235000656665,2.081990840427283,2.254036382043131
6101,6081,3.181477069854736,1.8063405408392934,0.5913029980385363,0.9213580746534056,0.7503395423179929,3.7439075926332994,0.14162795631176683,1.5988464412723675,1.5826306285823684
6101,6082,1.863613247871399,1.974997931038237,0.6805673507769603,0.7950924237106426,0.9318553406944233,2.009994233772009,0.20955102052209407,1.8127826290781797,0.05083061879321926
6101,6084,1.9596685775258926,2.9178236278139136,1.0708380054410604,0.300618728875388,0.6260823000681215,2.9534725728171707,0.18837670079553015,2.8823479798891802,0.9226794023632876
6101,6085,3.1255097083820487,4.762710346023259,1.5608169066214712,0.33331435673091314,0.7429786576858463,1.6198742668558905,0.2113387343918567,5.085573725842035,1.960064017459986
6101,6090,4.685108184814453,8.323081035974925,2.1190325031066743,1.1584652026928235,0.8912911915399557,5.2795862547271275,0.16565850519134828,9.755414535244093,5.0703063504296395
6101,6094,4.092223385079066,3.1075971840092995,1.133849817931181,0.1914548651309671,0.8072841922273973,1.9978665041146004,0.188332446571019,3.0266985196244605,1.0655248654546057
6101,6095,9.867135047912596,4.95778562117909,1.6009591937066245,0.4990076748257508,0.8779182292824861,2.922384632631584,0.1934957829810462,4.999618834068862,4.867516213843734
6101,6099,10.321437835693361,3.2418402905268398,1.176141159461805,0.0396499366914107,0.7216812775864971,1.1801885447190152,0.18234452031049497,3.0924085724924923,7.229029263200869
