growth_run_id,source,true_sq_nm,predicted_sq_nm,dark_fraction,largest_dark_component_fraction,display_median,display_mean,height_skewness
6028,real,5.214306831359862,5.019938142800873,0.0274810791015625,0.0026702880859375,0.6332980145513714,0.6070571762490622,-0.7819739815487791
6028,m22_frozen,5.214306831359862,5.019938142800873,0.03021240234375,0.00335693359375,0.5730149572237704,0.5665861349656625,-0.2717218362652677
6028,m23,5.214306831359862,5.019938142800873,0.03021240234375,0.00335693359375,0.5730149572237704,0.5665861349656625,-0.2717218362652677
6029,real,2.2897632122039795,1.410400419864728,0.0283966064453125,0.0047454833984375,0.5931438095439577,0.5789834378473266,-0.4839709308361029
6029,m22_frozen,2.2897632122039795,1.410400419864728,0.0572509765625,0.0125732421875,0.48399416924360217,0.497135746373906,0.11396638610746683
6029,m23,2.2897632122039795,1.410400419864728,0.0413818359375,0.006103515625,0.5287622411616941,0.5243312668563809,-0.13680489457861864
6033,real,2.0502288341522217,2.031847339506771,0.0427703857421875,0.0030670166015625,0.49758535809691085,0.4967279893523264,0.00044466420813279127
6033,m22_frozen,2.0502288341522217,2.031847339506771,0.09576416015625,0.0235595703125,0.42865944210840556,0.4516116823176409,0.28324510865151065
6033,m23,2.0502288341522217,2.031847339506771,0.0413818359375,0.00634765625,0.5287622408018551,0.52433126818351,-0.13680481065375172
6047,real,3.348536252975464,2.5072100913430075,0.0317230224609375,0.0029754638671875,0.539546729970904,0.5406746947093896,-0.10237070633878893
6047,m22_frozen,3.348536252975464,2.5072100913430075,0.08575439453125,0.0203857421875,0.4720275114390273,0.4857397163804902,0.09573124373183922
6047,m23,3.348536252975464,2.5072100913430075,0.0413818359375,0.0081787109375,0.5287622415215332,0.5243312683924644,-0.13680481381462567
6048,real,1.8154829144477844,3.33386441363801,0.0347442626953125,0.0030517578125,0.5351760139277095,0.5343417601969315,-0.13364885371955862
6048,m22_frozen,1.8154829144477844,3.33386441363801,0.033203125,0.00341796875,0.5835245305123674,0.5655670153157102,-0.4821649303696255
6048,m23,1.8154829144477844,3.33386441363801,0.041259765625,0.00482177734375,0.5291615752341409,0.5245836590381916,-0.14078079634566165
6056,real,2.529426336288452,1.5342407298012777,0.0361785888671875,0.004150390625,0.546497739688558,0.5369298437229133,-0.29905832849766917
6056,m22_frozen,2.529426336288452,1.5342407298012777,0.060546875,0.02508544921875,0.471923591199635,0.48727407001799555,0.19785055842993665
6056,m23,2.529426336288452,1.5342407298012777,0.0413818359375,0.00408935546875,0.5287622404420161,0.5243312666437366,-0.13680489136442597
6057,real,3.9545385837554927,3.1000038636978706,0.0316009521484375,0.0022735595703125,0.5295015922254871,0.5177499632904354,-0.2238144220678054
6057,m22_frozen,3.9545385837554927,3.1000038636978706,0.038818359375,0.00384521484375,0.532116230978094,0.530343777552168,-0.15697722501007194
6057,m23,3.9545385837554927,3.1000038636978706,0.0413818359375,0.00579833984375,0.5287622400821772,0.5243312665735654,-0.13680489028114962
6062,real,3.0923656225204468,3.8106222846849063,0.019542694091796875,0.000881195068359375,0.6660747233191093,0.6435496879677278,-0.920670397553257
6062,m22_frozen,3.0923656225204468,3.8106222846849063,0.02984619140625,0.00274658203125,0.6086699254498111,0.5969776668862277,-0.41800987188244154
6062,m23,3.0923656225204468,3.8106222846849063,0.02984619140625,0.00274658203125,0.6086699254498111,0.5969776668862277,-0.41800987188244154
6063,real,5.24570107460022,4.649623227301118,0.044097900390625,0.003482818603515625,0.6406443278233538,0.612018206851757,-0.8369628588670527
6063,m22_frozen,5.24570107460022,4.649623227301118,0.03155517578125,0.001953125,0.5926636153864024,0.5814858008988704,-0.3646173036584312
6063,m23,5.24570107460022,4.649623227301118,0.03155517578125,0.001953125,0.5926636153864024,0.5814858008988704,-0.3646173036584312
6070,real,2.544952154159546,1.759026091081472,0.02215576171875,0.0018463134765625,0.6069051978286676,0.5894546782776268,-0.6245644663844699
6070,m22_frozen,2.544952154159546,1.759026091081472,0.08294677734375,0.02191162109375,0.4700641948597984,0.48453998484880284,0.17985340671271183
6070,m23,2.544952154159546,1.759026091081472,0.0413818359375,0.0042724609375,0.5287622404420161,0.5243312666437367,-0.13680489136442595
6072,real,1.470114827156067,0.7422541545602325,0.0238800048828125,0.0016632080078125,0.5972924030196841,0.5825685559836845,-0.5931927295536754
6072,m22_frozen,1.470114827156067,0.7422541545602325,0.04425048828125,0.010009765625,0.4573701605223871,0.4607123405024985,0.2199541225890776
6072,m23,1.470114827156067,0.7422541545602325,0.0413818359375,0.0037841796875,0.5287622397223382,0.5243312648819225,-0.13680487886972525
6078,real,1.5030123591423037,2.653502121620272,0.0204620361328125,0.0016937255859375,0.6009391963906392,0.5886136505563176,-0.6378130114752715
6078,m22_frozen,1.5030123591423037,2.653502121620272,0.11517333984375,0.015380859375,0.43854524041769327,0.4556478164383309,0.21276273613189262
6078,m23,1.5030123591423037,2.653502121620272,0.0413818359375,0.00653076171875,0.5287622400821771,0.5243312665975597,-0.13680489065309048
6080,real,3.9266197681427,2.9269634131904314,0.03228759765625,0.001922607421875,0.6083382786256402,0.5816741760154652,-0.7281022615125552
6080,m22_frozen,3.9266197681427,2.9269634131904314,0.037353515625,0.00372314453125,0.534721748869783,0.532086644881981,-0.1014699081530232
6080,m23,3.9266197681427,2.9269634131904314,0.0413818359375,0.00860595703125,0.5287622408018551,0.5243312666953932,-0.13680489216159195
6082,real,1.863613247871399,2.535174805417047,0.0689849853515625,0.00732421875,0.45150933238556334,0.44828808495417616,0.07422955895108864
6082,m22_frozen,1.863613247871399,2.535174805417047,0.05828857421875,0.009765625,0.4407679635733005,0.47227081406692917,0.33271515913230193
6082,m23,1.863613247871399,2.535174805417047,0.0413818359375,0.00531005859375,0.5287622640768059,0.5243312904067448,-0.13680489095760626
6084,real,1.391980767250061,2.8602026633360924,0.0288543701171875,0.001312255859375,0.5907003325550046,0.5789999841040321,-0.45267836241776144
6084,m22_frozen,1.391980767250061,2.8602026633360924,0.0548095703125,0.0078125,0.5014193087663376,0.5027595863995982,0.02815663908187477
6084,m23,1.391980767250061,2.8602026633360924,0.0413818359375,0.00567626953125,0.5287622411616941,0.5243312683421255,-0.13680481303753
6085,real,2.2395859956741333,4.2855071028198,0.0398406982421875,0.004852294921875,0.5416866577013806,0.5297210166011324,-0.27190387816670436
6085,m22_frozen,2.2395859956741333,4.2855071028198,0.03179931640625,0.0028076171875,0.5660312801253733,0.5582379643199776,-0.32320137120948306
6085,m23,2.2395859956741333,4.2855071028198,0.03179931640625,0.0028076171875,0.5660312801253733,0.5582379643199776,-0.32320137120948306
6090,real,2.4095938205718994,3.2119699715102574,0.0429534912109375,0.004058837890625,0.5364473182453335,0.5290064059127925,-0.1764079567693637
6090,m22_frozen,2.4095938205718994,3.2119699715102574,0.03509521484375,0.003662109375,0.5372518889409116,0.531097555175747,-0.17080255159182042
6090,m23,2.4095938205718994,3.2119699715102574,0.0413818359375,0.00408935546875,0.5287622411616941,0.5243312668563808,-0.1368048945786184
6094,real,4.058265686035156,2.8993960642578593,0.026336669921875,0.0031280517578125,0.6003396174841262,0.5831086461279942,-0.6271830487957872
6094,m22_frozen,4.058265686035156,2.8993960642578593,0.03369140625,0.00457763671875,0.5391862866096048,0.5400300268297017,-0.08436586525532966
6094,m23,4.058265686035156,2.8993960642578593,0.0413818359375,0.0064697265625,0.528762240442016,0.5243312666437366,-0.1368048913644259
6095,real,9.07418346405029,8.52456568858861,0.1073760986328125,0.0102996826171875,0.5666386002096454,0.5226524689637276,-0.38027655725009046
6095,m22_frozen,9.07418346405029,8.52456568858861,0.325439453125,0.134033203125,0.33982543261253495,0.3750724287393043,0.4577160257951742
6095,m23,9.07418346405029,8.52456568858861,0.325439453125,0.134033203125,0.33982543261253495,0.3750724287393043,0.4577160257951742
6099,real,9.394835472106934,8.381101760294285,0.10846710205078125,0.007938385009765625,0.5096581209214213,0.49482457161800364,-0.046148634343637696
6099,m22_frozen,9.394835472106934,8.381101760294285,0.20361328125,0.02655029296875,0.46009073140889123,0.43958647234961307,0.05869294156283838
6099,m23,9.394835472106934,8.381101760294285,0.20361328125,0.02655029296875,0.46009073140889123,0.43958647234961307,0.05869294156283838
6101,real,0.481030598282814,0.5666429739572191,0.039764404296875,0.01434326171875,0.5592493528090878,0.5462367159115757,-0.24771617387973527
6101,m22_frozen,0.481030598282814,0.5666429739572191,0.04083251953125,0.00787353515625,0.5049331327480118,0.497048589237525,-0.13639274618163286
6101,m23,0.481030598282814,0.5666429739572191,0.0413818359375,0.00341796875,0.5287622404420161,0.5243312680845696,-0.1368048125933928
N6342,real,0.8041046559810638,0.8282191708012705,0.0481414794921875,0.0052032470703125,0.4595193695214167,0.4616016759758048,0.14125387716264373
N6342,m22_frozen,0.8041046559810638,0.8282191708012705,0.0390625,0.00543212890625,0.48874551445930703,0.4859056391440767,0.006245399689416869
N6342,m23,0.8041046559810638,0.8282191708012705,0.0413818359375,0.0062255859375,0.5287622404420161,0.5243312665701916,-0.13680489326831344
N6358,real,0.9793977737426758,0.8095566750314159,0.034942626953125,0.0077972412109375,0.5176273476447504,0.5166499029993442,-0.09177586905415788
N6358,m22_frozen,0.9793977737426758,0.8095566750314159,0.02838134765625,0.0091552734375,0.49193063551703525,0.4947949146048216,0.06263751837151682
N6358,m23,0.9793977737426758,0.8095566750314159,0.0413818359375,0.0059814453125,0.5287622393624991,0.5243312630970911,-0.1368048665471385
N6382,real,1.1125519275665283,0.946371148760502,0.0953826904296875,0.0088043212890625,0.3845375151081325,0.4001887129780145,0.6023398424561046
N6382,m22_frozen,1.1125519275665283,0.946371148760502,0.05078125,0.00732421875,0.4782923754239684,0.48148932810142486,0.06183193120819884
N6382,m23,1.1125519275665283,0.946371148760502,0.0413818359375,0.00701904296875,0.5287622393624991,0.5243312630970911,-0.13680486654713875
N6389,real,2.0189785957336426,2.675845281294214,0.044921875,0.0054779052734375,0.45327045357449564,0.46120486150259654,0.22725992692964078
N6389,m22_frozen,2.0189785957336426,2.675845281294214,0.06085205078125,0.0067138671875,0.4502813249310451,0.470722956870839,0.3010655048280551
N6389,m23,2.0189785957336426,2.675845281294214,0.0413818359375,0.00689697265625,0.5287622408018551,0.5243312666814908,-0.13680489194610673
N6390,real,1.9620892405509949,1.0895873604744368,0.0509033203125,0.0038299560546875,0.4780219158344704,0.47894639233011366,0.07002394083223568
N6390,m22_frozen,1.9620892405509949,1.0895873604744368,0.04840087890625,0.00579833984375,0.4771883633868593,0.4861167173573046,0.17235287362265256
N6390,m23,1.9620892405509949,1.0895873604744368,0.0413818359375,0.00531005859375,0.5287622408018551,0.5243312666953932,-0.13680489216159175
