sample_id,growth_run_id,split,sq_nm,sa_nm,analysis_scale_nm,height_increment_rms_31nm,scale_dependent_rms_slope_31nm,curvature_relief_31nm,scale_dependent_rms_curvature_31nm_inv,sdq_31nm,sdr_31nm_percent,bearing_core_span_p90_p10_nm,bearing_peak_span_p99_p90_nm,bearing_valley_span_p10_p01_nm,bearing_core_equivalent_nm,island_prominence_nm,island_median_area_nm2,island_count_per_um2,island_boundary_contrast,functional_surface_morphology_index_nm
6022,6022,val,1.6493402247579043,1.302845105147906,31.372549019607842,1.42506811939515,0.04542404630572041,1.0366801557956307,0.00210656647283159,0.04496978723608308,0.10095033103424388,4.263931437824187,1.2922141188078946,1.9673338878691675,1.0659828594560468,1.127340803727007,5190.311418685121,12.0,1.7336075482491893,1.283204177965711
6022,6022,val,1.878184633350953,1.4378799785643066,31.372549019607842,1.7060679514222081,0.054380915951582884,1.2025444852165064,0.002443607973475104,0.055929235779479995,0.15592327891251276,4.53845925630936,1.3367709874516054,2.554396544127611,1.13461481407734,1.029369479277288,3521.722414455978,15.0,1.4632240043174438,1.4304762082566498
6022,6022,val,1.359708217432627,0.9400447193681538,31.372549019607842,1.4768894558771068,0.04707585140608278,1.094172970229821,0.002223393668412316,0.04239767652131658,0.08969428015459803,2.9930899994355107,1.7254622368110297,2.7924668571191216,0.7482724998588777,0.9882910990202447,3244.9058054594384,29.0,1.6181321604027912,1.1630867913155953
6028,6028,train,6.202368820248094,4.84248601363341,31.372549019607842,5.991932385309144,0.19099284478172898,4.351701558748153,0.008842793558049959,0.18626340547251552,1.7010742298563228,15.116897730176536,6.029923700837167,9.40739787097855,3.779224432544134,4.297431156347158,6166.858900422914,17.0,1.053760353256849,5.021163032684663
6028,6028,train,6.07256439790624,4.713696692899092,31.372549019607842,6.04454950318651,0.19267001541407003,4.378871120825827,0.008898002957240607,0.18785982194988213,1.726131878663089,14.726672761662542,6.590339196153151,10.39107112429077,3.6816681904156354,3.9622049364087215,6858.900422914263,19.0,1.0272497119781414,4.936413231860013
6028,6028,train,2.3199469326732456,1.8109801927443403,31.372549019607842,2.551164411961699,0.08131836563127916,1.920631469575779,0.0039027831659114074,0.07618831809354398,0.2892157040288684,5.839927319591535,2.566772694446974,2.895197014405982,1.4599818298978837,1.436415241444436,1522.4913494809687,45.0,1.3143692472220296,1.9886806962753245
6029,6029,train,2.289763259461518,1.800530021044151,31.372549019607842,2.517899150539291,0.08025803542343991,1.8628674614828866,0.0037854048963413974,0.07773709292518316,0.30109514820010347,5.809500867951759,1.7961889293199285,3.3012188254497827,1.4523752169879398,1.6573007549827055,2099.19261822376,42.0,1.2442247515248037,1.995452162248197
6029,6029,train,2.5610249171691337,2.0408186445142036,31.372549019607842,2.543331178145977,0.08106868130340301,1.8636239105411951,0.003786942024466913,0.07830604005761864,0.3054774931506169,6.474012694449103,2.750770477446542,3.020874756752973,1.6185031736122757,2.3695932078727155,4652.056901191849,26.0,1.3073899100215995,2.2241852747386375
6029,6029,train,2.9656158846850813,2.3369853714899973,31.372549019607842,2.9460008639567032,0.09390377753861992,2.136534534153893,0.004341504940104903,0.09124812858663112,0.4144510964826826,7.435018227699649,4.456878397001259,2.9141096054793545,1.8587545569249122,2.348106075752931,7627.835447904651,25.0,1.2868855644598098,2.4902670189134044
6047,6047,train,5.579325057445526,4.270275632833778,31.372549019607842,5.931427785190902,0.18906426065296,4.413848141104953,0.008969077355479676,0.17738747160017748,1.5450018217836567,13.586857370850709,5.907868305177954,9.39403132224723,3.396714342712677,3.88194230447299,6874.279123414071,17.0,1.094762443490918,4.741305800337221
6047,6047,train,6.166564521685373,4.687872633882815,31.372549019607842,6.219781707689287,0.19825554193259604,4.647989445821226,0.009444859803578913,0.18913075202882415,1.751745048085631,15.675578911902528,4.530486377170478,10.212030384397782,3.918894727975632,3.531097656780528,5736.255286428296,19.0,1.03413449143928,5.0227959331542955
6047,6047,train,4.6934067942074345,3.5281145884205847,31.372549019607842,5.459365433866324,0.1740172732044891,4.169759073031312,0.008473080741370658,0.1594123593278089,1.250976623131138,11.347129503147631,3.8971636978632223,8.826510572425743,2.8367823757869077,2.742631890054727,1799.3079584775085,43.0,0.9392185643897664,4.117984772566656
6047,6047,train,1.8974817368719044,1.4781865990376422,31.372549019607842,2.262657248929182,0.07212219980961768,1.7448286740854062,0.003545546391637611,0.06506045082582007,0.211079757430634,4.7074585125162365,1.9955487364477178,2.682852412980785,1.1768646281290591,1.395646810730045,2429.834678969627,54.0,1.26944598079811,1.737660625268762
6047,6047,train,1.864151257477606,1.4464270217632562,31.372549019607842,2.2262248329495455,0.07096091655026676,1.7196482795856316,0.0034943790431267406,0.06414183541871882,0.20516357527716705,4.560384586470081,1.9695773339740246,2.683405939759634,1.1400961466175203,1.377798352208928,3129.56555171088,50.0,1.2883419373864435,1.7080090541891253
6047,6047,train,2.0036654465078017,1.5730255106507727,31.372549019607842,2.283864634561554,0.07279818522664953,1.7177733705801062,0.0034905691694366065,0.06834433834328592,0.23292969055608231,5.141976500576958,1.8512639968336382,2.4737376583580915,1.2854941251442396,1.3796373310521202,1599.3848519800076,43.0,1.4077312138216107,1.7741111889742083
6048,6048,train,3.2273375186627904,2.615104761038693,31.372549019607842,2.142986264317896,0.06830768717513294,1.5571261607318987,0.003164129018799741,0.06721561684194217,0.22534507316701408,8.2806736617414,4.186884647710733,2.4011880253576017,2.07016841543535,2.241583848575286,2752.78738946559,17.0,1.3292856920517466,2.312705553559252
6048,6048,train,1.8681482023932194,1.4678429605870842,31.372549019607842,2.0390683140348407,0.06499530250986055,1.5011739441856888,0.0030504323662710756,0.0619085594488729,0.19119468397644762,4.73181672081944,1.6482924479195145,2.56075041704117,1.18295418020486,1.343065360157715,2606.6897347174163,38.0,1.3167329715998897,1.618919742311375
6056,6056,val,3.6278989224023594,2.8115317738393792,31.372549019607842,3.5055216892722716,0.11173850384555366,2.6885011288074216,0.005463118309396956,0.10134593337229146,0.5101321136092596,8.834290227208356,6.271587292374367,4.1396967157222715,2.208572556802089,2.4272802880048863,3552.479815455594,27.0,1.4258947122991779,2.947807780704899
6056,6056,val,3.185753802129763,2.51013041866984,31.372549019607842,3.0606039300490306,0.09755675027031285,2.3368780643531935,0.0047486092542052,0.08939902611727843,0.397713570012123,8.027067822923414,4.185486500846006,3.2975800713007315,2.0067669557308534,2.0528882871328156,2291.426374471357,25.0,1.3836202168537988,2.5775487086040227
6056,6056,val,3.2253759375055298,2.5149483904572443,31.372549019607842,3.1661592512057672,0.10092132613218384,2.3584826465953825,0.004792510440464524,0.09191684831469012,0.42017531607744335,7.841695810972788,4.999796409710122,3.4133557305248408,1.960423952743197,2.3747088890889123,3229.527104959631,21.0,1.3865056966225104,2.6635524818908394
6056,6056,val,3.2409944018668893,2.584004165642293,31.372549019607842,3.089293950427389,0.09847124466987302,2.343017284248032,0.004761084340882134,0.0909597111658248,0.4116723776872191,8.425708853318135,3.3762957255521364,3.157604104277514,2.1064272133295336,2.5788610242818963,4221.4532871972315,20.0,1.3766018560285063,2.706476366310273
6056,6056,val,3.475222902533951,2.6989553327564284,31.372549019607842,3.254679902369688,0.10374292188803381,2.488945627659439,0.005057615294954844,0.09459969770920545,0.44511923834523937,8.794083693052137,4.6138868597203455,3.780344237208233,2.1985209232630343,2.6933497418955867,2706.651287966167,25.0,1.3860196824577848,2.8619082063834638
6056,6056,val,4.172380037245305,3.283229534967672,31.372549019607842,3.3117805027928116,0.10556300352652087,2.4942376842489336,0.005068368919321466,0.09610092372027924,0.45931573847527213,10.153709554874709,6.055145690945867,4.204452539682517,2.5384273887186772,2.7390376188299568,3191.0803537101115,18.0,1.3064703324151143,3.1158885597714185
6056,6056,val,2.9497440271500666,2.2962176560415424,31.372549019607842,2.9333666325109577,0.09350106141128678,2.2517296520198804,0.004575585019456023,0.08265102192405642,0.3400826233353292,7.4467699689085975,3.913493400770835,3.182659367899441,1.8616924922271494,1.886783007885352,2998.846597462514,22.0,1.4873760587589777,2.424943921276596
6056,6056,val,2.8608506413861816,2.27513637594451,31.372549019607842,3.2027096395882757,0.1020863697618763,2.408824796992124,0.004894807263262902,0.09392455141389534,0.43903686335119585,7.280473083169909,2.928448045042874,3.4491887460454365,1.8201182707924772,2.544893888092539,4298.34678969627,30.0,1.3449708206415028,2.6089679090306532
6056,6056,val,3.6278989224023594,2.8115317738393792,31.372549019607842,3.5055216892722716,0.11173850384555366,2.6885011288074216,0.005463118309396956,0.10134593337229146,0.5101321136092596,8.834290227208356,6.271587292374367,4.1396967157222715,2.208572556802089,2.4272802880048863,3552.479815455594,27.0,1.4258947122991779,2.947807780704899
6056,6056,val,3.185753802129763,2.51013041866984,31.372549019607842,3.0606039300490306,0.09755675027031285,2.3368780643531935,0.0047486092542052,0.08939902611727843,0.397713570012123,8.027067822923414,4.185486500846006,3.2975800713007315,2.0067669557308534,2.0528882871328156,2291.426374471357,25.0,1.3836202168537988,2.5775487086040227
6056,6056,val,3.2253759375055298,2.5149483904572443,31.372549019607842,3.1661592512057672,0.10092132613218384,2.3584826465953825,0.004792510440464524,0.09191684831469012,0.42017531607744335,7.841695810972788,4.999796409710122,3.4133557305248408,1.960423952743197,2.3747088890889123,3229.527104959631,21.0,1.3865056966225104,2.6635524818908394
6056,6056,val,2.8976792349189773,2.2773431415084593,31.372549019607842,3.3210995420605673,0.10586004790318058,2.5892555413985154,0.005261448174357452,0.0948713094089243,0.4475436425288996,7.272985064710677,3.3201222812567117,3.6126199333633595,1.8182462661776693,2.505299621405708,6582.083813917723,29.0,1.5065211546870794,2.6725656980850094
6056,6056,val,3.164068536042504,2.4960868889136716,31.372549019607842,3.1272971815785784,0.09968259766281719,2.36178665708167,0.004799224293022987,0.09165551363042336,0.4179277655951854,8.284713589412746,3.1163917672453074,3.391798986934541,2.0711783973531865,2.226388952541031,3352.5567089580927,23.0,1.5762135711564746,2.63119521502726
6056,6056,val,3.581557023989714,2.793123509458912,31.372549019607842,3.0237984640279625,0.0963835760408913,2.302727287647135,0.004679213808726717,0.08703042185401541,0.3769877282895824,9.077124122348032,4.289439788005057,4.068184051969651,2.269281030587008,2.1126300214658613,2245.2902729719335,16.0,1.4409317625786087,2.7161112949142394
6056,6056,val,2.543479102193438,1.9939311967949844,31.372549019607842,2.9817390284509018,0.0950429315318725,2.2733983010380667,0.004619616391406259,0.08641284720697649,0.3717729079256207,6.503176453322943,2.4126043793148,3.2317038509890867,1.6257941133307356,1.8918549929030184,3275.663206459054,48.0,1.3042423291306067,2.313037622926086
6056,6056,val,2.380067583968652,1.8752519764545885,31.31115459882583,2.8009786278659288,0.0894562549274681,2.1638105039660864,0.004414190332860379,0.07993219279422252,0.31833316477386664,6.0610878380357605,2.2058026921232394,3.04773179892219,1.5152719595089401,1.744726161975809,2167.577483235741,57.0,1.4890434122244767,2.169442203270276
6056,6056,val,2.830416981930204,2.2356892759946962,31.31115459882583,3.3477097053588984,0.10691747871489983,2.5559554717244657,0.005214169130720033,0.09762507545417543,0.4741498072333641,7.2156179267562806,2.5398300900074133,3.512268878683239,1.8039044816890701,2.1434355650725725,1730.998272831369,66.0,1.3940554835398724,2.5922853368048497
6056,6056,val,4.809788059541996,3.8517206556069072,31.372549019607842,3.41592423916441,0.10888258512336557,2.541377294130263,0.0051641580797131366,0.10108015695231577,0.5076667931248748,12.126076230318116,6.546853692196171,3.515315401084065,3.031519057579529,4.247957593938851,2153.018069973087,9.0,1.5023865468075461,3.701255183121402
6056,6056,val,3.555016521539533,2.790400085025982,31.31115459882583,3.1280847483338317,0.09990320664991176,2.381424172565324,0.00485812391690961,0.09091800636449629,0.41143891912294284,8.921879845002977,4.414993323625765,3.742811120300418,2.230469961250744,2.396517468209654,1962.6916257214086,28.0,1.4950163086744108,2.786127418993328
6057,6057,train,4.927710268426048,3.9162721037784665,31.372549019607842,4.423506309310728,0.14099926360927945,3.303459811353984,0.006712733569790401,0.13150042512038135,0.8558099758256064,12.267866926556081,5.414871394482589,5.550637350921402,3.0669667316390203,3.598016229841539,4344.482891195694,8.0,1.334167713642165,3.927202286780702
6057,6057,train,5.352198882873651,4.220826948046403,31.372549019607842,4.915826953659342,0.1566919841478915,3.591607262948511,0.007298258196038342,0.14830226522737602,1.0866267477481606,13.533058709204322,6.42771690576983,5.64349664936055,3.3832646773010806,3.360297816105673,3644.7520184544405,19.0,1.2672310939807854,4.205927045040602
6057,6057,train,5.1509739456528125,4.011686332810609,31.372549019607842,4.66257339410909,0.14861952693722727,3.3727745187145532,0.006853583221231682,0.1441834552307196,1.026953465329503,13.095052527266986,5.826424118355031,5.7169111663016965,3.2737631318167466,3.6859571821976767,4421.3763936947325,18.0,1.389545576855571,4.097597749671762
6057,6057,train,4.912857291146311,3.8497661539056027,31.372549019607842,4.691554945661348,0.1495433138929555,3.4793075857197793,0.0070700617425446454,0.14206397553054914,0.9966592389564839,12.203471323330106,5.079125403337876,6.499234410954708,3.0508678308325266,3.4429272349249667,3490.9650134563626,21.0,1.3665009576110667,3.985322529321133
6057,6057,train,6.539622961267207,5.196997842655167,31.372549019607842,4.716274394587075,0.15033124632746303,3.4246491812307394,0.006958994156547776,0.14500309358354144,1.039816614077137,16.192606261750996,9.178622899359276,6.382192588155812,4.048151565437749,4.052079452483278,668.9734717416378,20.0,1.2541841886532945,4.680705366524764
6057,6057,train,5.451921570093384,4.130427442589799,31.372549019607842,5.433609795297247,0.17319631222509976,4.034575516005654,0.008198383529008363,0.1656005245872786,1.3481156388426916,12.968555248566247,6.452894427116577,9.781833997112898,3.2421388121415617,4.072278039657119,3983.083429450211,21.0,1.3058884521511587,4.530348249700465
6057,6057,train,5.337333424909866,4.1436253159376015,31.372549019607842,4.8573232910287185,0.1548271799015404,3.556656526368603,0.007227237207097451,0.14915334169787087,1.0981120385267658,13.248857402274325,5.7123073323469855,6.97676198672661,3.3122143505685813,3.5657671490814957,6113.0334486735865,14.0,1.2961848480053575,4.20513929744002
6062,6062,train,2.9157083994590236,2.1868639240182346,31.372549019607842,3.808439198219304,0.12139399944324032,3.05033415956179,0.006198374335172044,0.10130282181968747,0.5099212078582153,7.0040702126943355,2.3703124496273382,5.3269427587106986,1.7510175531735839,2.144557411433489,3537.101114955786,57.0,1.0595141864085746,2.8275534316668547
6062,6062,train,3.1767254692764246,2.3825503951680815,31.31115459882583,4.074577062991691,0.13013180494929713,3.246157401219528,0.006622186459092535,0.11096969122095962,0.6110803462379817,7.79426622843206,2.334763630102433,5.864649059822557,1.948566557108015,1.9003446484432056,1840.143075432462,64.0,1.1201456330145314,2.987959913829044
6062,6062,train,3.194347733200339,2.3820798253782716,31.31115459882583,4.110075496607262,0.13126553617289444,3.2914307165854626,0.006714544376136818,0.10997677071343155,0.6002935834259244,7.676437266438247,2.6025533746442115,5.832766770160545,1.9191093166095619,1.8917581189230803,1191.0187231206987,68.0,1.1115643974475398,3.0063873183641814
6062,6062,train,3.0080056138160005,2.2732952528840586,31.31115459882583,3.8701306585231308,0.12360229790658249,3.1192741377087034,0.006363343610254956,0.105390556442272,0.551483976803563,7.130607490095638,2.491424605501297,5.5171143506851745,1.7826518725239096,1.9281352881954854,1985.669478900586,64.0,1.1455092996532514,2.8513657647227695
6062,6062,train,5.697843445790847,4.275447987611714,31.372549019607842,5.380963431819833,0.1715182093892572,4.0639425806947465,0.008258058322177372,0.1583209789053612,1.226483550362715,13.86037010787544,5.10235425992539,10.72580830091214,3.46509252696886,2.94248979512822,1207.2279892349095,14.0,1.2763599833242114,4.440741584496828
6062,6062,train,2.5710702190130084,1.9205525831908417,31.31115459882583,3.39912433361221,0.10855953340473996,2.7492481816417835,0.005608487769050658,0.08903674362569199,0.3942825150928216,6.129482659807664,1.8228373134666347,5.031409822205988,1.532370664951916,1.8543663713045482,1910.9914560682594,81.0,1.1944881415948285,2.510364450215995
6063,6063,train,6.003847944824758,4.627614084227991,31.372549019607842,6.404385544222399,0.20413978922208897,4.755603964658556,0.009663535868810082,0.19450312028503589,1.8498939478105654,14.437775693926799,4.748240324541485,9.532640897337597,3.6094439234816997,4.465466984903047,5159.554017685505,22.0,1.1551485150303042,5.15066198157704
6063,6063,train,6.156959584429305,4.860370439339342,31.372549019607842,6.3912268286278655,0.20372035516251322,4.714989071350118,0.00958100513639192,0.19396643963355373,1.8404114565262957,14.72911498892733,4.501747788322495,10.695109020077469,3.6822787472318326,5.192303302096425,7204.921184159938,16.0,1.3162390788125793,5.319891803326383
6063,6063,train,5.606348708372402,4.315341046583955,31.31115459882583,6.023600914563027,0.1923787542088567,4.465935981356827,0.009110544292092782,0.18146710310772782,1.6137408498668226,13.437284781583022,5.017166097102755,8.849223302567452,3.3593211953957556,3.0433882177333973,3327.959068784203,25.0,1.1842516145216144,4.652026413189088
6063,6063,train,5.709474571147532,4.306452862078212,31.31115459882583,6.165852034217967,0.19692189934283633,4.524505794826898,0.009230027169148395,0.1864155387201736,1.7014103817096184,13.894961290228407,4.26489693620645,8.861479373732159,3.4737403225571017,3.9799754962003675,4608.974383523347,24.0,1.3460156270824544,4.878402620792728
6063,6063,train,5.730515936628109,4.466432909731019,31.372549019607842,5.419112246152471,0.17273420284611002,3.9804386385309876,0.008088375702202421,0.16508766199173638,1.3407850652663404,14.51308266265367,6.008736135301652,9.140310087190356,3.6282706656634174,3.8828795100240403,6251.441753171856,18.0,1.2855279637580215,4.610652524407733
6063,6063,train,6.1775329840261355,4.633197420592725,31.372549019607842,6.189556800219482,0.197292123006996,4.452549299459729,0.009047719318667779,0.18544261983212157,1.6783826542467635,14.288744031401144,6.10419823731207,10.182699281905542,3.572186007850286,3.1819897148998777,3583.2372164552094,20.0,1.1807541933811123,4.882280078741968
6070,6070,train,3.2039591016317495,2.516522434793644,31.372549019607842,3.396011719235537,0.10824787355063274,2.640815756463744,0.005366220142626717,0.09642742027105142,0.4623189601767332,8.171671261763928,3.076023893463198,3.9961423791682114,2.042917815440982,1.7698250909111066,768.9350249903882,52.0,1.267649914144278,2.6861850805469776
6070,6070,train,3.1560048262757285,2.4345471749857754,31.372549019607842,3.2625991805532384,0.10399534888013448,2.5853685240370052,0.005253549633609571,0.09010188110384774,0.40382788367656325,7.720174633998413,3.587861732319616,4.420864087046,1.9300436584996032,1.912550477005675,1268.7427912341407,26.0,1.3270019417731795,2.633323684331754
6070,6070,train,3.0472295308216166,2.4046194242550643,31.372549019607842,3.237300584203578,0.10318895612148905,2.552206618823108,0.005186163605905393,0.0895489507859937,0.39906472077972566,7.72304656372744,2.606421538055054,4.03931059045005,1.93076164093186,1.681437899674052,584.3906189926951,45.0,1.2754483444630758,2.562598502915149
6070,6070,train,3.0418985983913664,2.385824127524245,31.372549019607842,3.3698512413230155,0.10741400831717113,2.677281125146611,0.0054403189113330745,0.0924924677910888,0.4255726725611507,7.554333971190622,3.310125918350076,4.170214097893286,1.8885834927976555,1.7244751447994386,1476.3552479815453,32.0,1.2185973510907349,2.619825980056949
6070,6070,train,2.6793566031657052,2.1033711726878748,31.372549019607842,2.61244806568029,0.08327178209355926,2.0035374093853062,0.004071250626414986,0.07404776232839061,0.2733288021579252,6.673042344737176,2.9259825316927515,3.372437346742519,1.668260586184294,1.7724552011496584,1999.2310649750095,27.0,1.2736557909655688,2.1882728201533364
6072,6072,train,1.4662363769295073,1.1028750588273133,31.372549019607842,1.8613838776126492,0.0593316110989032,1.5018803422441356,0.0030518677892007787,0.048979023147289504,0.11974641450292771,3.450853831801925,1.2422879030408063,2.82725337276696,0.8627134579504813,1.0399396873468723,2529.7962322183776,54.0,1.2011678888544597,1.3925510891263573
6072,6072,train,1.895656420470056,1.4541516212850285,31.372549019607842,2.130192049783659,0.06789987158685414,1.6943135528850484,0.0034428980867609463,0.057674477014052136,0.1659593803031804,4.743105314548147,1.8035018824926805,2.8259984476736455,1.1857763286370369,1.0512677240102615,1076.5090349865436,33.0,1.2918065758332562,1.6439683195258024
6072,6072,train,1.4701149256907267,1.1373414037682692,31.372549019607842,1.9123143759383243,0.06095502073303409,1.5500630333594785,0.003149776523256253,0.051177944834788984,0.13076621290289697,3.6381862923018864,1.301856077280565,2.314131559057148,0.9095465730754716,1.0638542669143767,2068.4352172241443,58.0,1.2723838390299151,1.4268805447108657
6072,6072,train,2.0436786337785136,1.587958854815399,31.372549019607842,2.238233640304801,0.07134369728471553,1.7765321686087105,0.003609968883243169,0.06212820243709405,0.1925025358969067,4.864351284854994,2.1915864330732604,3.1939438140690113,1.2160878212137485,1.2731911672957115,2475.97078046905,38.0,1.230798511888598,1.757399446354794
6072,6072,train,1.564195620312527,1.1912691173682457,31.372549019607842,2.0097341130357713,0.06406027485301521,1.6077223575191064,0.003266942071802497,0.05424288366084707,0.14684804979093716,3.833875513784205,1.254618171443973,2.552253696656893,0.9584688784460512,1.0894396535171988,2068.4352172241443,62.0,1.2703262788835792,1.4950619834760477
6072,6072,train,1.4093553389306905,1.0702155552348631,31.372549019607842,1.7862618626066296,0.05693709687058632,1.4277703940576245,0.0029012740585499077,0.04838017893759186,0.11684482920353736,3.4204955482567847,1.089032656785164,2.487542133825275,0.8551238870641962,0.9150712661785653,2906.5743944636674,61.0,1.2491070368685042,1.3254534692501456
6072,6072,train,1.275434215139554,0.962456841148855,31.372549019607842,1.5921638284046364,0.050750222030397786,1.263981451929634,0.0025684498097413894,0.043432057805869215,0.09419689254644953,3.041253561555225,1.3016390921961496,2.338785238541291,0.7603133903888063,0.8688361933662978,3475.586312956555,48.0,1.2446862895763973,1.190992862023838
6078,6078,train,2.6069831345862515,1.96557839339876,31.31115459882583,1.8786545510497874,0.05999952972415259,1.363877861076214,0.0027823214918912664,0.056447579326374536,0.15899319228654166,6.159173714859715,5.056225012703038,2.3565533947500223,1.5397934287149289,1.599738186201534,1665.8943554903663,17.0,1.5980986845149083,1.8501887943470048
6078,6078,train,1.2682638663133152,0.99353471834058,31.372549019607842,1.6009894076999938,0.0510315373704373,1.2762299853483094,0.002593339212414807,0.043452454253014534,0.09430073554714939,3.1475568067528776,1.37875336201626,1.7161937338924083,0.7868892016882194,0.9071496803616318,1107.2664359861592,71.0,1.3277915438533672,1.203539650529176
6078,6078,train,1.6382585118375597,1.2663405069326967,31.372549019607842,2.087048010308565,0.06652465532858551,1.6676797246511965,0.003388777315482627,0.05703827905646952,0.1623208287316876,3.983375170570672,1.7071671746652561,2.4571018631505055,0.995843792642668,1.2589855271173052,3091.118800461361,54.0,1.2260983140380952,1.5746469718504916
6078,6078,train,2.589802493866946,2.0324126362451818,31.372549019607842,2.169053195751519,0.06913857061457966,1.71543290544968,0.003485813271152045,0.05994653737075232,0.17928219457724692,6.384614344567964,3.5093984870749146,2.6292913389644603,1.596153586141991,1.76442989767641,1537.8700499807765,24.0,1.2976302777751263,2.0007747454777203
6080,6080,val,3.644663370198454,2.8595973206754746,31.372549019607842,4.166917461642186,0.13282049408984467,3.053597376576606,0.006205005294121681,0.1254101548927439,0.7795520804092338,9.254227893031594,2.9769706539843765,5.105401168239606,2.3135569732578984,2.6001251256248805,3998.4621299500186,36.0,1.0844485483376305,3.227519967091032
6080,6080,val,5.158537540040934,4.021750215187366,31.372549019607842,5.312836539989494,0.1693466647121651,3.970093706422303,0.008067354476878447,0.158903568414524,1.2431526294464637,13.220157748247154,3.6535186332990257,7.341712088426082,3.3050394370617884,3.9191804455166377,5859.2848904267585,15.0,1.2276960198144173,4.401855216507848
6082,6082,train,1.756391835183424,1.38014759509925,31.372549019607842,1.7972709087511785,0.057288010216443815,1.2853114940225303,0.00261179312183797,0.05619016885455617,0.15758085997955526,4.40378342222799,2.2799777284897838,1.84338626729151,1.1009458555569975,1.4750240941498745,4229.142637447136,37.0,1.1748165039913645,1.506977006460251
6082,6082,train,1.8636132814417,1.4616825025813796,31.372549019607842,1.9160042584021646,0.061072635736569,1.3978541088417216,0.0028404832321072796,0.058549801074721526,0.17104718930316448,4.7818961608114945,2.2483928958834287,1.9047548843088569,1.1954740402028736,1.3394159095309193,2652.8258362168394,36.0,1.2312841795506297,1.569797187543049
6082,6082,train,1.9985816550289275,1.5612130533936215,31.372549019607842,2.1446067627323364,0.06835934056209322,1.5644135909444996,0.0031789373047239403,0.0665061030780101,0.2206112953755018,4.90500490496227,2.8547683868367257,2.3995952344413634,1.2262512262405676,1.8028113293133976,3737.024221453287,39.0,1.2107066100169652,1.777350693648529
6084,6084,train,4.552945207809442,3.473456150259535,31.372549019607842,2.889244860798029,0.09209467993793718,2.1926992513717822,0.004455633400639068,0.0873579816794759,0.37462485524073474,10.546126146527765,6.492797890090487,3.770878887008176,2.6365315366319413,2.6789711586168092,753.5563244905804,10.0,1.348187441263646,3.098811415697465
6084,6084,train,1.399419595178183,1.1018822597174553,31.372549019607842,1.7807584223745239,0.05676167471318795,1.4248361796789417,0.0028953116432382246,0.04704192577216906,0.11051209831501535,3.4976139558376493,1.177436184348195,1.977105459128678,0.8744034889594123,1.221437523037486,2821.991541714725,58.0,1.1630019649431416,1.3723064515870278
6084,6084,train,2.472767616575167,1.9526957249558368,31.372549019607842,1.855253578750262,0.059136207822664606,1.4392076288278366,0.002924514877016565,0.05230780322602897,0.13659466688858782,6.250056377183404,3.290010392502491,2.093775328008951,1.562514094295851,1.627264706864953,1953.0949634755862,24.0,1.2875299145781443,1.8285133221831444
6084,6084,train,1.5530374063759382,1.2143406116839581,31.372549019607842,1.6061187531835552,0.05119503525772583,1.2388497360122532,0.002517381377631149,0.04622083581459402,0.1066938042291756,3.927933562143732,1.9383324047149855,1.528697574671704,0.981983390535933,1.2031205907813303,1822.37600922722,52.0,1.3134835144801618,1.3370177140635715
6085,6085,train,3.793199834288672,3.076049641396054,31.372549019607842,2.4625923101527003,0.07849512988611733,1.707646429602201,0.0034699909089025978,0.08050687000813088,0.3229423054564159,9.903313920907195,3.841977525401979,2.9894898550169353,2.4758284802267987,2.8901676641633576,5121.107266435985,11.0,1.14500970150985,2.751420650786847
6085,6085,train,2.1199770556213586,1.6702312780507087,31.372549019607842,2.1679251695197324,0.06910261477844147,1.5381431841867415,0.0031255550172419647,0.06826850483773889,0.23245846153368532,5.299325330973465,2.685156760144733,2.394528538817356,1.3248313327433663,1.6604998466070833,4828.911956939638,43.0,1.125636254249308,1.792904041651923
6085,6085,train,3.0947746717624467,2.448793674566655,31.372549019607842,2.525601477493931,0.08050354709511906,1.76375590850339,0.0035840071234510295,0.08044200621166202,0.32241393306225913,7.935054569026438,3.950670619743298,2.4613838340488132,1.9837636422566094,2.3853951176783723,3875.4325259515567,21.0,1.2421678324017302,2.395518985634033
6085,6085,train,3.156549953208653,2.485030662918331,31.372549019607842,2.7070831766334242,0.08628827625519041,1.9036958290868382,0.0038683694151991146,0.08723876424039827,0.3789567403185402,7.933322131939747,4.599525599129157,2.6502486462310286,1.9833305329849367,2.6009335682682915,3783.1603229527104,27.0,1.2421785753418826,2.514542509945339
6090,6090,train,2.478907350846968,1.9264070811102276,31.372549019607842,2.408868903078268,0.0767826962856198,1.6699422292686366,0.0033933747955685344,0.07848521693566128,0.3068014014225748,6.060105859726069,3.8457204362460526,2.5932883992469478,1.5150264649315173,1.9515351632096627,4905.805459438677,27.0,1.1282611943306269,2.0415745285481006
6090,6090,train,4.685108054915396,3.7695240355498867,31.372549019607842,2.651315406952085,0.08451067859659771,1.8013056119161754,0.003660309294214041,0.08654275211161598,0.3728742673429546,12.14266239889617,5.477027165750281,2.8955676498718503,3.0356655997240427,2.9936476655328144,3406.3821607074196,14.0,1.1370952541442116,3.1749521180513365
6090,6090,train,4.896469234212815,3.9888733441862203,31.372549019607842,2.664544036907573,0.08493234117642888,1.8019428152417822,0.003661604111284278,0.08767156496106274,0.3827534875233313,12.689709340882214,5.052563867032227,3.310283773916491,3.1724273352205534,3.621443258191845,3783.16032295271,4.0,1.2373722951027333,3.3912048084765263
6095,6095,train,9.867135055037577,8.314344050544628,31.372549019607842,10.434021546603695,0.3325844367979928,7.4602093733101364,0.015159378578109114,0.33008470503446297,5.203083371566586,27.052941136678477,7.033445642734918,2.794476017253773,6.763235284169619,7.704087284314688,8089.196462898884,23.0,1.0275091901575522,8.567125493610353
6095,6095,train,8.617266377261862,7.078791117757096,31.372549019607842,9.811763636396718,0.31274996591014537,7.111959284288771,0.014451723514402418,0.3059538578977648,4.496138037680854,23.62222742990832,5.489358920919379,5.464117821799396,5.90555685747708,6.049661719533434,5582.468281430219,45.0,0.9894215193402636,7.649600761507345
6095,6095,train,8.149551127152323,6.690817203787685,31.372549019607842,9.56719490630912,0.30495433763860325,7.138667634559107,0.014505995716787687,0.28753087073424266,3.988776045555942,21.85193530940879,5.527263198314019,6.041726361455096,5.462983827352198,5.982633987424135,4206.074586697424,50.0,0.9442509448888531,7.410034807900334
6095,6095,train,20.10235484321937,13.188893136625953,31.372549019607842,11.562784046162326,0.3685637414714242,7.5223143855226535,0.01528557790370658,0.40407030977593944,7.512559726628046,38.66874862077984,52.67592277257977,7.146686133678315,9.66718715519496,6.66779239585237,5628.604382929642,19.0,1.0373273495144804,12.102080992815123
6095,6095,train,12.218841532415157,9.592104992490862,31.372549019607842,10.789721952135714,0.3439223872243259,7.252341197648163,0.014736983949283494,0.3591331573449221,6.036255918497759,30.507377745667412,23.44725798065963,3.4977794642670474,7.626844436416853,5.3119073535698424,7166.474432910418,18.0,1.0077239642724234,8.996663346330013
