growth_run_id,method,island_feature_mae_z,island_feature_rmse_z,afm_prior_mahalanobis,held_real_afm_prior_mahalanobis,afm_likeness_percentile,held_real_likeness_percentile,boundary_ratio_q70_absolute_error,median_area_q70_log_absolute_error,component_count_q70_log_absolute_error,generated__log_component_count_q55,true__log_component_count_q55,generated__log_component_count_q70,true__log_component_count_q70,generated__log_component_count_q82,true__log_component_count_q82,generated__log_median_area_q55,true__log_median_area_q55,generated__log_median_area_q70,true__log_median_area_q70,generated__log_median_area_q82,true__log_median_area_q82,generated__median_solidity_q70,true__median_solidity_q70,generated__median_eccentricity_q70,true__median_eccentricity_q70,generated__boundary_gradient_ratio_q55,true__boundary_gradient_ratio_q55,generated__boundary_gradient_ratio_q70,true__boundary_gradient_ratio_q70,generated__boundary_gradient_ratio_q82,true__boundary_gradient_ratio_q82,generated__log_valley_component_count_q18,true__log_valley_component_count_q18,generated__log_valley_median_area_q18,true__log_valley_median_area_q18,generated__gradient_p90,true__gradient_p90,generated__laplacian_rms,true__laplacian_rms,generated__flat_fraction,true__flat_fraction,blend_weight
6028,weight_0.35,1.8190979825973757,2.3829641796666374,7.168370438699566,2.9622902259698,6.666666666666667,66.66666666666667,0.13675129413604736,1.11456911593943,0.3051297603770884,2.3221954495706862,2.3978952727983707,2.585241997519076,2.8903717578961645,2.9700856263602153,2.833213344056216,2.7403194616709956,5.111987788356544,3.594961085372904,4.709530201312334,3.524627420627918,4.48863636973214,0.8836653694795941,0.8953145917001338,0.8104315253782453,0.816496580927726,1.2599543333053589,1.3104304075241089,1.238515019416809,1.1017637252807617,1.2599918246269226,1.0615882873535156,2.8029010331479984,3.6109179126442243,3.0307284594640085,3.817712325956905,0.42466384172439575,0.5960701107978821,0.18734677135944366,0.2374238669872284,0.077423095703125,0.16900634765625,0.35
6028,weight_0.45,1.6773636922960713,2.137557820538284,6.889850384115724,2.9622902259698,6.666666666666667,66.66666666666667,0.20349657535552979,1.1901384306180631,0.11973998531695162,2.0794415416798357,2.3978952727983707,2.770631772579213,2.8903717578961645,2.9444389791664403,2.833213344056216,3.2769667020129054,5.111987788356544,3.519391770694271,4.709530201312334,3.594961085372904,4.48863636973214,0.9166666666666666,0.8953145917001338,0.8193512469290247,0.816496580927726,1.2870768904685974,1.3104304075241089,1.3052603006362915,1.1017637252807617,1.2918080687522888,1.0615882873535156,2.8262445901343254,3.6109179126442243,3.529164068730756,3.817712325956905,0.4282853901386261,0.5960701107978821,0.1831168681383133,0.2374238669872284,0.08380126953125,0.16900634765625,0.45
6028,weight_0.55,1.6743249225028254,2.2366250948217115,8.368555768749362,2.9622902259698,6.666666666666667,66.66666666666667,0.2918906807899475,1.126397214245515,0.08747072474816608,2.3502401828962083,2.3978952727983707,2.8029010331479984,2.8903717578961645,2.9944807084449314,2.833213344056216,2.9018139048129585,5.111987788356544,3.583132987066819,4.709530201312334,3.741481580838698,4.48863636973214,0.9051285127712899,0.8953145917001338,0.8144642878988406,0.816496580927726,1.3525097370147705,1.3104304075241089,1.3936544060707092,1.1017637252807617,1.3378766179084778,1.0615882873535156,2.770631772579213,3.6109179126442243,4.079973327789274,3.817712325956905,0.4363154172897339,0.5960701107978821,0.17813286930322647,0.2374238669872284,0.09661865234375,0.16900634765625,0.55
6028,weight_0.65,1.7832013362794714,2.1100536480877214,7.457820362738382,2.9622902259698,6.666666666666667,66.66666666666667,0.37387531995773315,0.8435648403380904,0.28836841435776694,2.1383330595080277,2.3978952727983707,2.6020033435383976,2.8903717578961645,2.9700856263602153,2.833213344056216,3.6199662956602348,5.111987788356544,3.8659653609742435,4.709530201312334,3.7273599746820008,4.48863636973214,0.9240766073871409,0.8953145917001338,0.7846255807701503,0.816496580927726,1.437398076057434,1.3104304075241089,1.4756390452384949,1.1017637252807617,1.3627850413322449,1.0615882873535156,2.8903717578961645,3.6109179126442243,4.115022155063057,3.817712325956905,0.4504862576723099,0.5960701107978821,0.1747797429561615,0.2374238669872284,0.119964599609375,0.16900634765625,0.65
6029,weight_0.35,1.378634318918229,1.9147501023000255,8.268713886116787,2.9365055408958605,6.666666666666667,80.0,0.0698290467262268,1.702913400430587,0.18454873196864474,2.1910133173369406,2.4849066497880004,2.7058230259275198,2.8903717578961645,3.091042453358316,3.044522437723423,3.1549591391132585,4.543294782270004,2.931815587799049,4.634728988229636,3.9415346756528766,4.204692619390966,0.9212121212121211,0.8585365853658536,0.8047135849520188,0.8168899108266634,1.2744253277778625,1.3746683597564697,1.2273064255714417,1.2971354722976685,1.1921533942222595,1.1882182359695435,3.1112881340356844,3.6375861597263857,3.2190757848788643,3.676300671907076,0.4502311944961548,0.5702724456787109,0.20095175504684448,0.25343936681747437,0.06793212890625,0.10955810546875,0.35
6029,weight_0.45,0.9409579500872262,1.1755950645122735,4.444005837269067,2.9365055408958605,26.666666666666668,80.0,0.0394061803817749,0.7577026687117572,0.027033610635137872,2.34106561356211,2.4849066497880004,2.9174053685313024,2.8903717578961645,3.044522437723423,3.044522437723423,3.5263605246161616,4.543294782270004,3.8770263195178787,4.634728988229636,3.9332653112312235,4.204692619390966,0.8858057317359643,0.8585365853658536,0.8130408942838631,0.8168899108266634,1.296943187713623,1.3746683597564697,1.2577292919158936,1.2971354722976685,1.2360232472419739,1.1882182359695435,3.170179651863876,3.6375861597263857,3.2087744712094413,3.676300671907076,0.4540885239839554,0.5702724456787109,0.1965566799044609,0.25343936681747437,0.073150634765625,0.10955810546875,0.45
6029,weight_0.55,0.920440569555632,1.1292395265777226,5.239360870972434,2.9365055408958605,13.333333333333334,80.0,0.016526103019714355,0.8063239424894468,0.1500522962251689,2.1383330595080277,2.4849066497880004,2.7403194616709956,2.8903717578961645,3.131699131295812,3.044522437723423,3.7884329408569206,4.543294782270004,3.828405045740189,4.634728988229636,3.774804582577266,4.204692619390966,0.8683304647160068,0.8585365853658536,0.8030149369761077,0.8168899108266634,1.3242194652557373,1.3746683597564697,1.3136615753173828,1.2971354722976685,1.3127978444099426,1.1882182359695435,3.090008326826286,3.6375861597263857,3.5553480614894135,3.676300671907076,0.4580599069595337,0.5702724456787109,0.19092974811792374,0.25343936681747437,0.08819580078125,0.10955810546875,0.55
6029,weight_0.65,0.9579054508618376,1.215974667599172,4.405958222380727,2.9365055408958605,33.333333333333336,80.0,0.07073503732681274,0.8071520510426367,0.048496132993655294,2.3502401828962083,2.4849066497880004,2.93886789088982,2.8903717578961645,3.1513094878724526,3.044522437723423,3.480410999959415,4.543294782270004,3.827576937186999,4.634728988229636,3.925441332404926,4.204692619390966,0.8903376436781609,0.8585365853658536,0.7975273519582338,0.8168899108266634,1.3728445172309875,1.3746683597564697,1.3678705096244812,1.2971354722976685,1.3684451580047607,1.1882182359695435,2.9444389791664403,3.6375861597263857,3.4667115128653574,3.676300671907076,0.46380580961704254,0.5702724456787109,0.1852780431509018,0.25343936681747437,0.113006591796875,0.10955810546875,0.65
6047,weight_0.35,1.3928693642530625,1.8413187334064787,7.93722617732841,4.063601437418675,6.666666666666667,33.333333333333336,0.06940281391143799,1.29282563269693,0.19149612612805278,2.6364997792818734,2.1383330595080277,3.257356345436265,3.448852471564318,3.508753071470628,3.5614333292995415,2.875492038070248,4.526784798013117,3.2639789588112755,4.556804591508206,3.174569495689899,3.9845923882612655,0.913866930171278,0.8736479842674533,0.8191094478921978,0.8174339980922729,1.1624473333358765,1.2793259024620056,1.105334997177124,1.174737811088562,1.0846902132034302,1.1723089814186096,3.624252036185305,3.7494348669884654,3.341054298724904,3.6372397793869355,0.5374423861503601,0.6723582446575165,0.2830629199743271,0.307731568813324,0.0479736328125,0.091400146484375,0.35
6047,weight_0.45,1.4019452042740297,1.8170554287870482,6.6224450200974285,4.063601437418675,6.666666666666667,33.333333333333336,0.012661576271057129,1.1572766604788076,0.3578100182060018,2.6020033435383976,2.1383330595080277,3.091042453358316,3.448852471564318,3.461321945737944,3.5614333292995415,2.976621667143892,4.526784798013117,3.399527931029398,4.556804591508206,3.1457845697791598,3.9845923882612655,0.9045454545454545,0.8736479842674533,0.793988190525152,0.8174339980922729,1.2127432823181152,1.2793259024620056,1.1620762348175049,1.174737811088562,1.1461541652679443,1.1723089814186096,3.568639218630193,3.7494348669884654,2.962127898707266,3.6372397793869355,0.5215735137462616,0.6723582446575165,0.26468583941459656,0.307731568813324,0.052459716796875,0.091400146484375,0.45
6047,weight_0.55,1.1899156165160278,1.4376635339629842,5.85230112699941,4.063601437418675,13.333333333333334,33.333333333333336,0.06823581457138062,0.8682377350912285,0.3832392268227478,2.4414009612931853,2.1383330595080277,3.06561324474157,3.448852471564318,3.27267483016721,3.5614333292995415,3.43476703308097,4.526784798013117,3.688566856416977,4.556804591508206,3.2264186435772215,3.9845923882612655,0.911022188745567,0.8736479842674533,0.8033263811883548,0.8174339980922729,1.2720432877540588,1.2793259024620056,1.2429736256599426,1.174737811088562,1.211808681488037,1.1723089814186096,3.3649120352447377,3.7494348669884654,3.375843046666124,3.6372397793869355,0.5017145723104477,0.6723582446575165,0.242598257958889,0.307731568813324,0.061279296875,0.091400146484375,0.55
6047,weight_0.65,1.5142667220499186,1.735567563013279,6.438357459868581,4.063601437418675,6.666666666666667,33.333333333333336,0.16344058513641357,0.9221703417276466,0.5402968915827158,2.302585092994046,2.1383330595080277,2.908555579981602,3.448852471564318,3.257356345436265,3.5614333292995415,2.76669474436376,4.526784798013117,3.634634249780559,4.556804591508206,3.433466642230941,3.9845923882612655,0.9121662852784135,0.8736479842674533,0.7412809287836319,0.8174339980922729,1.347635805606842,1.2793259024620056,1.3381783962249756,1.174737811088562,1.2938265204429626,1.1723089814186096,3.257356345436265,3.7494348669884654,3.3649120352447377,3.6372397793869355,0.49055851995944977,0.6723582446575165,0.22129669040441513,0.307731568813324,0.075347900390625,0.091400146484375,0.65
6048,weight_0.35,1.2049032075071382,1.3836894217635247,6.891755943810131,4.061601089128727,6.666666666666667,33.333333333333336,0.07206302881240845,0.9545807399613473,0.5885199609831742,2.282174095733918,2.470821211304652,2.4814223151299535,3.0699422761131276,1.9356005054539454,2.6390573296152584,3.2498935203279267,3.908006919579514,3.0405383528988343,3.9951190928601816,3.827695322413076,4.185505340619078,0.9286289023750613,0.9097899820812817,0.7783459185836171,0.8222538493179932,1.3157491087913513,1.411636233329773,1.3947083950042725,1.322645366191864,1.3649461269378662,1.2780503630638123,2.736135336835737,3.2180751841847135,3.2156655409667394,3.1558674045764574,0.32629765570163727,0.4978726953268051,0.1263289451599121,0.2293153628706932,0.1348876953125,0.12640380859375,0.35
6048,weight_0.45,1.179683129329589,1.377793853636133,6.682037827511704,4.061601089128727,6.666666666666667,33.333333333333336,0.07020914554595947,0.14248785542701903,0.6361750508853361,2.1972245773362196,2.470821211304652,2.4337672252277915,3.0699422761131276,2.3221954495706862,2.6390573296152584,3.158130876074346,3.908006919579514,3.8526312374331626,3.9951190928601816,3.3675930068154303,4.185505340619078,0.8943381180223285,0.9097899820812817,0.7948598581864799,0.8222538493179932,1.387136697769165,1.411636233329773,1.3928545117378235,1.322645366191864,1.4034873843193054,1.2780503630638123,2.5619819897016294,3.2180751841847135,3.5926935077902082,3.1558674045764574,0.3472108840942383,0.4978726953268051,0.13294925540685654,0.2293153628706932,0.143890380859375,0.12640380859375,0.45
6048,weight_0.55,1.4142893959695564,1.594418462495312,7.822109070185155,4.061601089128727,6.666666666666667,33.333333333333336,0.1673647165298462,0.34861025297379067,0.6761964047221043,2.1972245773362196,2.470821211304652,2.3937458713910233,3.0699422761131276,2.4414009612931853,2.6390573296152584,2.5184763012068148,3.908006919579514,3.646508839886391,3.9951190928601816,3.846512874208944,4.185505340619078,0.90311986863711,0.9097899820812817,0.7364849620237957,0.8222538493179932,1.4547725319862366,1.411636233329773,1.4900100827217102,1.322645366191864,1.4323096871376038,1.2780503630638123,2.5249280036247685,3.2180751841847135,3.7445662793495362,3.1558674045764574,0.3710046112537384,0.4978726953268051,0.1395857110619545,0.2293153628706932,0.1649169921875,0.12640380859375,0.55
6048,weight_0.65,1.4080572091098398,1.6506187891031445,7.45055448313679,4.061601089128727,6.666666666666667,33.333333333333336,0.257640540599823,0.011045915445157206,0.7197020932169194,2.1383330595080277,2.470821211304652,2.3502401828962083,3.0699422761131276,2.4337672252277915,2.6390573296152584,3.0790188734668984,3.908006919579514,3.9840731774150244,3.9951190928601816,3.9211393895586757,4.185505340619078,0.9084943389849602,0.9097899820812817,0.7554922533454002,0.8222538493179932,1.61053067445755,1.411636233329773,1.580285906791687,1.322645366191864,1.456854522228241,1.2780503630638123,2.470821211304652,3.2180751841847135,3.348517123833242,3.1558674045764574,0.3927508741617203,0.4978726953268051,0.14430025219917297,0.2293153628706932,0.2047119140625,0.12640380859375,0.65
6057,weight_0.35,2.224644721575118,2.4916498808665133,7.561117702083871,2.841531394644024,6.666666666666667,93.33333333333333,0.2471529245376587,1.1215808362616229,0.8074458815582823,2.833213344056216,2.4849066497880004,3.5800346037980635,2.772588722239781,3.828641396489095,2.4849066497880004,3.187938123009157,4.564348191467836,3.1269144057877365,4.248495242049359,3.257356345436265,4.04305126783455,0.8454895421607378,0.8947368421052632,0.8331797986813652,0.8291777847839392,1.1151512265205383,1.4109982252120972,1.0441547632217407,1.2913076877593994,1.0018069744110107,1.274935245513916,3.783931302731941,3.5553480614894135,3.1172053628591856,3.5263605246161616,0.6215067803859711,0.5302990674972534,0.37837377190589905,0.22223392128944397,0.038848876953125,0.1640625,0.35
6057,weight_0.45,1.9453929633051916,2.252539284323812,7.33097773536761,2.841531394644024,6.666666666666667,93.33333333333333,0.1990756392478943,1.060131768100046,0.7197694378193513,2.770631772579213,2.4849066497880004,3.4923581600591325,2.772588722239781,3.6860590141688934,2.4849066497880004,2.908555579981602,4.564348191467836,3.1883634739493134,4.248495242049359,3.2264186435772215,4.04305126783455,0.8667843980343981,0.8947368421052632,0.8357304981503411,0.8291777847839392,1.1724626421928406,1.4109982252120972,1.0922320485115051,1.2913076877593994,1.0466166138648987,1.274935245513916,3.6605942783697394,3.5553480614894135,3.258096538021482,3.5263605246161616,0.587615966796875,0.5302990674972534,0.3452334553003311,0.22223392128944397,0.04241943359375,0.1640625,0.45
6057,weight_0.55,1.687437461913631,2.0230032469952013,7.010948594944919,2.841531394644024,6.666666666666667,93.33333333333333,0.14569616317749023,1.1668378400320387,0.5893274981708232,2.6590599969221085,2.4849066497880004,3.3619162204106043,2.772588722239781,3.568639218630193,2.4849066497880004,3.0742341479588235,4.564348191467836,3.0816574020173206,4.248495242049359,3.236945348176137,4.04305126783455,0.8650151668351871,0.8947368421052632,0.816496580927726,0.8291777847839392,1.2170349955558777,1.4109982252120972,1.1456115245819092,1.2913076877593994,1.1154325604438782,1.274935245513916,3.5400132499612953,3.5553480614894135,3.2579115925782784,3.5263605246161616,0.5559858083724976,0.5302990674972534,0.30340611934661865,0.22223392128944397,0.05078125,0.1640625,0.55
6057,weight_0.65,1.3558435931551114,1.6917941654749897,5.7633150286916575,2.841531394644024,13.333333333333334,93.33333333333333,0.09064459800720215,0.9169288940539575,0.5771614478410578,2.470821211304652,2.4849066497880004,3.349750170080839,2.772588722239781,3.3667009459186796,2.4849066497880004,3.1513094878724526,4.564348191467836,3.331566347995402,4.248495242049359,3.321894866573836,4.04305126783455,0.891048951048951,0.8947368421052632,0.7907125882272521,0.8291777847839392,1.2665215134620667,1.4109982252120972,1.2006630897521973,1.2913076877593994,1.1877843141555786,1.274935245513916,3.349750170080839,3.5553480614894135,3.275540167521702,3.5263605246161616,0.5266725122928619,0.5302990674972534,0.2605290859937668,0.22223392128944397,0.061309814453125,0.1640625,0.65
6062,weight_0.35,1.6895988586445987,1.9824753123067382,7.4291418328678756,4.606336838313517,6.666666666666667,26.666666666666668,0.16285228729248047,0.6724197578663134,0.8893558769177901,2.5649493574615367,2.7647145437557112,2.799210979499187,3.688566856416977,3.090008326826286,3.9112223647446593,2.9574267223680706,4.544538142241572,3.627795637126833,4.300215394993146,3.4202732646443437,3.6762205501217915,0.8880755608028336,0.8850949002106108,0.8388132238564574,0.816496580927726,1.237754762172699,1.1429699063301086,1.212497889995575,1.0496456027030945,1.1527430415153503,1.0124460756778717,3.174569495689899,4.127134385045092,3.4923581600591325,3.295836866004329,0.4501069039106369,0.7587121725082397,0.2077917456626892,0.37602052092552185,0.06097412109375,0.07135009765625,0.35
6062,weight_0.45,1.820230062824281,2.118430039551482,6.928299484527374,4.606336838313517,6.666666666666667,26.666666666666668,0.18348509073257446,1.0694813068162876,0.7184812300567618,2.34106561356211,2.7647145437557112,2.9700856263602153,3.688566856416977,2.888826161611328,3.9112223647446593,3.1549591391132585,4.544538142241572,3.2307340881768587,4.300215394993146,3.404105574322875,3.6762205501217915,0.9060457516339868,0.8850949002106108,0.8146604828938111,0.816496580927726,1.25920832157135,1.1429699063301086,1.233130693435669,1.0496456027030945,1.2297495603561401,1.0124460756778717,3.258096538021482,4.127134385045092,3.3006150593644383,3.295836866004329,0.4506170004606247,0.7587121725082397,0.20022544264793396,0.37602052092552185,0.067718505859375,0.07135009765625,0.45
6062,weight_0.55,2.0619661328489878,2.357017619413114,7.115759283685841,4.606336838313517,6.666666666666667,26.666666666666668,0.2307126522064209,1.245591603610964,0.7184812300567618,2.1972245773362196,2.7647145437557112,2.9700856263602153,3.688566856416977,2.7917481543908496,3.9112223647446593,3.4821859397005164,4.544538142241572,3.0546237913821823,4.300215394993146,3.2896256060050506,3.6762205501217915,0.8833689458689458,0.8850949002106108,0.7905694150420949,0.816496580927726,1.3202953934669495,1.1429699063301086,1.2803582549095154,1.0496456027030945,1.2824602723121643,1.0124460756778717,3.1934396596813226,4.127134385045092,3.40064151723581,3.295836866004329,0.4521338790655136,0.7587121725082397,0.19222714751958847,0.37602052092552185,0.078216552734375,0.07135009765625,0.55
6062,weight_0.65,2.257350505005824,2.545602198409436,6.724992598872404,4.606336838313517,6.666666666666667,26.666666666666668,0.2880076766014099,0.8858593591723043,0.855353512360761,2.2975599250672953,2.7647145437557112,2.833213344056216,3.688566856416977,2.850221786695343,3.9112223647446593,3.622113757801675,4.544538142241572,3.414356035820842,4.300215394993146,3.425592463746871,3.6762205501217915,0.9005952380952381,0.8850949002106108,0.8257658760056679,0.816496580927726,1.3993898034095764,1.1429699063301086,1.3376532793045044,1.0496456027030945,1.3421630263328552,1.0124460756778717,3.090008326826286,4.127134385045092,3.801075839471257,3.295836866004329,0.45838937163352966,0.7587121725082397,0.18541686236858368,0.37602052092552185,0.097808837890625,0.07135009765625,0.65
6063,weight_0.35,1.6376404721042126,2.1979171298328803,6.308201040318803,3.6401509171779227,6.666666666666667,46.666666666666664,0.02958601713180542,0.8053780233664467,0.18989868067979332,2.6020033435383976,2.2499048351651325,3.1073040492110957,2.9174053685313024,3.236945348176137,2.799210979499187,3.0645251050302726,5.307409201764852,3.8120652928306447,4.617443316197091,3.3671471753101896,4.269672998028685,0.8858453153007608,0.8689091591052376,0.7943989456394505,0.8057907182954336,1.1960691809654236,1.3060856461524963,1.1451926827430725,1.174778699874878,1.1374627947807312,1.0598734617233276,3.40064151723581,3.6635616461296463,3.3135244101333905,3.8968964838426357,0.4947150945663452,0.6568038463592529,0.24154621362686157,0.2535117566585541,0.057220458984375,0.194793701171875,0.35
6063,weight_0.45,1.5054691154806683,2.030323289888659,5.754780659026478,3.6401509171779227,13.333333333333334,46.666666666666664,0.020511746406555176,0.7126726538703858,0.0733017370959379,2.4414009612931853,2.2499048351651325,2.9907071056272403,2.9174053685313024,3.2384861814448413,2.799210979499187,3.334272929990567,5.307409201764852,3.9047706623267056,4.617443316197091,3.4811217321331034,4.269672998028685,0.8529411764705882,0.8689091591052376,0.805700014307867,0.8057907182954336,1.2247444987297058,1.3060856461524963,1.195290446281433,1.174778699874878,1.178087592124939,1.0598734617233276,3.349750170080839,3.6635616461296463,3.1967953769753157,3.8968964838426357,0.48598626255989075,0.6568038463592529,0.22994517534971237,0.2535117566585541,0.061798095703125,0.194793701171875,0.45
6063,weight_0.55,1.481618326828038,2.012905478087551,7.402203097657539,3.6401509171779227,6.666666666666667,46.666666666666664,0.08074158430099487,1.1060092731557707,0.025646647193775518,2.1972245773362196,2.2499048351651325,2.943052015725078,2.9174053685313024,3.1934396596813226,2.799210979499187,3.282984473768578,5.307409201764852,3.5114340430413207,4.617443316197091,3.6459983753193375,4.269672998028685,0.8301448898143328,0.8689091591052376,0.7967813924501486,0.8057907182954336,1.2843756675720215,1.3060856461524963,1.2555202841758728,1.174778699874878,1.252047836780548,1.0598734617233276,3.198464827608073,3.6635616461296463,3.7250397849037493,3.8968964838426357,0.474800780415535,0.6568038463592529,0.21514012664556503,0.2535117566585541,0.07220458984375,0.194793701171875,0.55
6063,weight_0.65,1.5062234338336382,1.9392427004254567,5.357129020287905,3.6401509171779227,13.333333333333334,46.666666666666664,0.15755856037139893,0.8107808264267717,0.14481664629152124,2.2499048351651325,2.2499048351651325,2.772588722239781,2.9174053685313024,3.017740716262378,2.799210979499187,3.4900379702808815,5.307409201764852,3.8066624897703196,4.617443316197091,3.508753071470628,4.269672998028685,0.8675213675213675,0.8689091591052376,0.7980077872190781,0.8057907182954336,1.373591423034668,1.3060856461524963,1.3323372602462769,1.174778699874878,1.327750325202942,1.0598734617233276,3.1073040492110957,3.6635616461296463,3.5642479728400183,3.8968964838426357,0.4723840653896332,0.6568038463592529,0.20031758397817612,0.2535117566585541,0.08905029296875,0.194793701171875,0.65
6070,weight_0.35,1.1947759178504167,1.3243273799529298,6.936833296302884,3.358151029404008,6.666666666666667,60.0,0.13934767246246338,0.6217747897188795,0.24856338970391434,2.8029010331479984,2.6390573296152584,3.2930858274273374,3.044522437723423,3.508753071470628,2.995732273553991,3.4091887339154603,4.07753744390572,3.3485171238332425,3.970291913552122,3.295150524098343,3.912023005428146,0.8737209354449579,0.8464560862865947,0.8012548591825528,0.8337788470424282,1.1753472089767456,1.3340023756027222,1.0986120700836182,1.2379597425460815,1.065786600112915,1.1834946870803833,3.525927811477947,3.7612001156935624,3.1513094878724526,3.367295829986474,0.5368740856647491,0.6153777837753296,0.2844979166984558,0.33025437593460083,0.0484619140625,0.12054443359375,0.35
6070,weight_0.45,1.1906613447265704,1.339045985753217,6.17100124519263,3.358151029404008,6.666666666666667,60.0,0.06070631742477417,0.6053798783073843,0.17355274646129093,2.8029010331479984,2.6390573296152584,3.218075184184714,3.044522437723423,3.275540167521702,2.995732273553991,3.2046760876073517,4.07753744390572,3.3649120352447377,3.970291913552122,3.2676206355068294,3.912023005428146,0.9001997180451128,0.8464560862865947,0.7905740666453376,0.8337788470424282,1.2125672101974487,1.3340023756027222,1.1772534251213074,1.2379597425460815,1.1080686450004578,1.1834946870803833,3.4811217321331034,3.7612001156935624,3.113268334643733,3.367295829986474,0.5221040546894073,0.6153777837753296,0.2640050798654556,0.33025437593460083,0.053192138671875,0.12054443359375,0.45
6070,weight_0.55,1.0837266421510854,1.3330077783103598,5.856076436195377,3.358151029404008,13.333333333333334,60.0,0.016578316688537598,0.6575957295481438,0.04652001563489305,2.6155543084272934,2.6390573296152584,3.091042453358316,3.044522437723423,3.1934396596813226,2.995732273553991,3.2769667020129054,4.07753744390572,3.312696184003978,3.970291913552122,3.254384568485841,3.912023005428146,0.9092244418331374,0.8464560862865947,0.789012647183275,0.8337788470424282,1.2679455280303955,1.3340023756027222,1.2545380592346191,1.2379597425460815,1.1812716126441956,1.1834946870803833,3.3667009459186796,3.7612001156935624,3.061246404757193,3.367295829986474,0.4998633712530136,0.6153777837753296,0.2399972826242447,0.33025437593460083,0.063201904296875,0.12054443359375,0.55
6070,weight_0.65,1.006486222230583,1.1486623291830282,5.409133248246235,3.358151029404008,13.333333333333334,60.0,0.08979189395904541,0.5204303599096858,0.17947254623663556,2.772588722239781,2.6390573296152584,2.8650498914867875,3.044522437723423,3.039966597547795,2.995732273553991,3.1892130918257933,4.07753744390572,3.449861553642436,3.970291913552122,3.5670468605964327,3.912023005428146,0.873991935483871,0.8464560862865947,0.7795641508770463,0.8337788470424282,1.329768717288971,1.3340023756027222,1.327751636505127,1.2379597425460815,1.2957638502120972,1.1834946870803833,3.1345481418531307,3.7612001156935624,3.2610463990850764,3.367295829986474,0.48360125720500946,0.6153777837753296,0.21711193770170212,0.33025437593460083,0.080230712890625,0.12054443359375,0.65
6072,weight_0.35,1.6627687552634696,2.053071213505604,8.185494538892554,3.4017907805307295,6.666666666666667,60.0,0.002016305923461914,0.9742066396367157,0.8859784209659378,2.2499048351651325,2.995732273553991,2.8029010331479984,3.6888794541139363,3.0153426301306316,3.6635616461296463,3.2087744712094413,4.204692619390966,3.1201379225853847,4.0943445622221,3.3160008886978147,3.8394523125933104,0.8926267281105991,0.8695652173913043,0.7875093673351314,0.8287986473470603,1.2096952199935913,1.2691538333892822,1.1973527669906616,1.1993690729141235,1.1803722381591797,1.1319022178649902,3.0677824455408693,4.02535169073515,3.52441035963037,3.4965075614664802,0.42003002762794495,0.7323590517044067,0.1890854835510254,0.3884928226470947,0.078277587890625,0.0782470703125,0.35
6072,weight_0.45,1.6929196506269704,2.0784431145187408,7.8089587111399235,3.4017907805307295,6.666666666666667,60.0,0.032370805740356445,0.7015507397181358,0.8859784209659378,2.1383330595080277,2.995732273553991,2.8029010331479984,3.6888794541139363,2.962127898707266,3.6635616461296463,3.330767498168975,4.204692619390966,3.3927938225039647,4.0943445622221,3.0677824455408693,3.8394523125933104,0.8914285714285715,0.8695652173913043,0.7905040926736463,0.8287986473470603,1.2477601766586304,1.2691538333892822,1.23173987865448,1.1993690729141235,1.2179664373397827,1.1319022178649902,3.113268334643733,4.02535169073515,3.475407384221292,3.4965075614664802,0.41919396817684174,0.7323590517044067,0.18484442681074142,0.3884928226470947,0.086761474609375,0.0782470703125,0.45
6072,weight_0.55,1.9699013727813866,2.21836358090315,6.731682897284789,3.4017907805307295,13.333333333333334,60.0,0.12671315670013428,0.9393854231088419,0.9485599924429406,2.1242476210246797,2.995732273553991,2.7403194616709956,3.6888794541139363,2.908555579981602,3.6635616461296463,3.3702596798031115,4.204692619390966,3.1549591391132585,4.0943445622221,3.4086416879090304,3.8394523125933104,0.9213826769025367,0.8695652173913043,0.7944786348465224,0.8287986473470603,1.308824360370636,1.2691538333892822,1.3260822296142578,1.1993690729141235,1.3083131313323975,1.1319022178649902,2.9700856263602153,4.02535169073515,3.2264186435772215,3.4965075614664802,0.4262728691101074,0.7323590517044067,0.1799880862236023,0.3884928226470947,0.099945068359375,0.0782470703125,0.55
6072,weight_0.65,2.1249866733201594,2.3770675607930243,6.662205797044684,3.4017907805307295,13.333333333333334,60.0,0.205641508102417,1.0287313174805304,0.934185285799948,1.9944920232821373,2.995732273553991,2.7546941683139883,3.6888794541139363,2.9700856263602153,3.6635616461296463,3.6632328069201607,4.204692619390966,3.06561324474157,4.0943445622221,3.6697688477038373,3.8394523125933104,0.8999999999999999,0.8695652173913043,0.7515897210814886,0.8287986473470603,1.3618051409721375,1.2691538333892822,1.4050105810165405,1.1993690729141235,1.3926801681518555,1.1319022178649902,2.8262445901343254,4.02535169073515,3.2067294785836786,3.4965075614664802,0.4359716475009918,0.7323590517044067,0.17555638402700424,0.3884928226470947,0.119293212890625,0.0782470703125,0.65
6078,weight_0.35,1.037288600388979,1.195241888651378,6.535304142956833,1.990197942378062,6.666666666666667,100.0,0.12055045366287231,0.460335983738803,0.28123442845891455,2.3978952727983707,2.8314802400679726,2.995732273553991,3.2769667020129054,3.4175922930736506,3.218075184184714,3.2180751841847135,4.159858693425303,3.6941639297885533,4.154499913527356,3.367295829986474,3.7187503938003195,0.8639130434782609,0.8770796655943811,0.7890642987832066,0.7872921628592076,1.1851881742477417,1.3220818638801575,1.149397373199463,1.2699478268623352,1.1065539717674255,1.2696447372436523,3.4811217321331034,3.848106319673204,3.2483874950929312,3.233849363052177,0.49064143002033234,0.5948836952447891,0.25367508828639984,0.3078731819987297,0.053619384765625,0.094146728515625,0.35
6078,weight_0.45,1.0122296133700621,1.184546234956342,6.5839815219469475,1.990197942378062,6.666666666666667,100.0,0.07610541582107544,0.7140510011212289,0.33252772284646515,2.5619819897016294,2.8314802400679726,2.9444389791664403,3.2769667020129054,3.3140206880897667,3.218075184184714,3.113268334643733,4.159858693425303,3.4404489124061275,4.154499913527356,3.525927811477947,3.7187503938003195,0.8760338345864662,0.8770796655943811,0.7930892433708352,0.7872921628592076,1.2365115880966187,1.3220818638801575,1.1938424110412598,1.2699478268623352,1.1504868268966675,1.2696447372436523,3.257356345436265,3.848106319673204,3.5127691573192603,3.233849363052177,0.4801633507013321,0.5948836952447891,0.23922863602638245,0.3078731819987297,0.0594482421875,0.094146728515625,0.45
6078,weight_0.55,0.8289305717029343,1.0160410344529476,4.9999628300223895,1.990197942378062,13.333333333333334,100.0,0.03714919090270996,0.6568458255323568,0.3095196042031114,2.4849066497880004,2.8314802400679726,2.967447097809794,3.2769667020129054,3.257356345436265,3.218075184184714,3.5141007160290023,4.159858693425303,3.4976540879949995,4.154499913527356,3.4807664923313038,3.7187503938003195,0.8878526444315917,0.8770796655943811,0.78475717311257,0.7872921628592076,1.2888261079788208,1.3220818638801575,1.2327986359596252,1.2699478268623352,1.2147477269172668,1.2696447372436523,3.1780538303479458,3.848106319673204,3.275540167521702,3.233849363052177,0.4726371765136719,0.5948836952447891,0.2222055047750473,0.3078731819987297,0.0718994140625,0.094146728515625,0.55
6078,weight_0.65,0.8747076677907043,1.0638257932379835,3.9756381150957902,1.990197942378062,33.333333333333336,100.0,0.04487955570220947,0.6007871764720041,0.4595719004282808,2.5375869076169133,2.8314802400679726,2.8173948015846246,3.2769667020129054,3.113268334643733,3.218075184184714,3.50605764715319,4.159858693425303,3.5537127370553523,4.154499913527356,3.9135207599180455,3.7187503938003195,0.9049753473778575,0.8770796655943811,0.7564047000094807,0.7872921628592076,1.3323854804039001,1.3220818638801575,1.3148273825645447,1.2699478268623352,1.3020458817481995,1.2696447372436523,3.113268334643733,3.848106319673204,3.218075184184714,3.233849363052177,0.4699825346469879,0.5948836952447891,0.20710588991641998,0.3078731819987297,0.089752197265625,0.094146728515625,0.65
6082,weight_0.35,1.6412065803769107,2.0000417452793924,8.668564461687927,3.0782061920579897,6.666666666666667,80.0,0.03976726531982422,1.4886709908878215,0.9090592008603777,2.4414009612931853,2.70805020110221,2.5249280036247685,3.4339872044851463,2.6390573296152584,3.6375861597263857,3.2426991516018773,4.400603020246817,3.0546237913821823,4.543294782270004,3.7939086099967136,3.871201010907891,0.8739695136438923,0.8888888888888888,0.8250523144168127,0.7516060590292841,1.263652503490448,1.3123359680175781,1.2756152153015137,1.2358479499816895,1.2959480285644531,1.153851866722107,2.5053176470481278,3.6635616461296463,3.698780767762026,3.4339872044851463,0.36226867139339447,0.5832881927490234,0.1512821540236473,0.2570411264896393,0.106475830078125,0.0675048828125,0.35
6082,weight_0.45,1.675840899733439,1.9054948921508905,8.027543347786851,3.0782061920579897,6.666666666666667,80.0,0.06574809551239014,1.2123674119973482,0.9631659931804943,2.34106561356211,2.70805020110221,2.470821211304652,3.4339872044851463,2.6287476860138907,3.6375861597263857,3.5141007160290023,4.400603020246817,3.3309273702726556,4.543294782270004,3.5317380769894564,3.871201010907891,0.9060796817091781,0.8888888888888888,0.8181192747514177,0.7516060590292841,1.327027440071106,1.3123359680175781,1.3015960454940796,1.2358479499816895,1.3189587593078613,1.153851866722107,2.5619819897016294,3.6635616461296463,3.9134210490791466,3.4339872044851463,0.37940311431884766,0.5832881927490234,0.155919149518013,0.2570411264896393,0.111175537109375,0.0675048828125,0.45
6082,weight_0.55,1.8841770865104652,2.0960190587611174,7.859691607466421,3.0782061920579897,6.666666666666667,80.0,0.1301339864730835,1.4260894194108182,0.9490805546971459,2.1972245773362196,2.70805020110221,2.4849066497880004,3.4339872044851463,2.7546941683139883,3.6375861597263857,3.344177356973381,4.400603020246817,3.1172053628591856,4.543294782270004,3.3222202814893254,3.871201010907891,0.9246376811594202,0.8888888888888888,0.8114695852728209,0.7516060590292841,1.4091190099716187,1.3123359680175781,1.365981936454773,1.2358479499816895,1.3696109652519226,1.153851866722107,2.6364997792818734,3.6635616461296463,3.5074071756377725,3.4339872044851463,0.39562465250492096,0.5832881927490234,0.15783219784498215,0.2570411264896393,0.127044677734375,0.0675048828125,0.55
6082,weight_0.65,1.8332602581710316,1.9910246364952366,6.4119768883963575,3.0782061920579897,6.666666666666667,80.0,0.2248745560646057,0.8445140145079777,0.9155109032783315,2.0794415416798357,2.70805020110221,2.5184763012068148,3.4339872044851463,2.6020033435383976,3.6375861597263857,4.081685658229956,4.400603020246817,3.698780767762026,4.543294782270004,3.657775501214292,3.871201010907891,0.902324531393276,0.8888888888888888,0.787736289679805,0.7516060590292841,1.4975197315216064,1.3123359680175781,1.4607225060462952,1.2358479499816895,1.4191770553588867,1.153851866722107,2.6364997792818734,3.6635616461296463,3.846512874208944,3.4339872044851463,0.41387294232845306,0.5832881927490234,0.16065506637096405,0.2570411264896393,0.159698486328125,0.0675048828125,0.65
6084,weight_0.35,1.4094776026162399,1.8360567368644072,7.9272395423325275,5.010027918858419,13.333333333333334,13.333333333333334,0.05370992422103882,0.25151006015589417,0.8462978600538702,2.0126758453675744,3.0546237913821823,2.4814223151299535,3.3277201751838237,2.770631772579213,3.176314698159783,3.2384861814448413,3.71638981107397,3.364314306542351,3.615824366698245,3.425592463746871,3.4394206344087475,0.8862695275738754,0.9420504385964912,0.8118821615622083,0.6917321059162159,1.2797061204910278,1.3115015625953674,1.2730856537818909,1.3267955780029297,1.2623071074485779,1.3499606847763062,2.9144728088051037,3.364314306542351,3.255129170261575,2.9540414690844656,0.36939290165901184,0.5056870430707932,0.15383964031934738,0.24071034044027328,0.09918212890625,0.09844970703125,0.35
6084,weight_0.45,1.4812626443442785,1.8931124007866593,7.267725150933418,5.010027918858419,13.333333333333334,13.333333333333334,0.04472988843917847,0.24438404880229347,0.7627708177222869,1.9944920232821373,3.0546237913821823,2.5649493574615367,3.3277201751838237,2.596478425445105,3.176314698159783,3.3407409173294997,3.71638981107397,3.3714403178959516,3.615824366698245,3.6665115071932406,3.4394206344087475,0.8921677829905678,0.9420504385964912,0.8190358624061473,0.6917321059162159,1.3267688155174255,1.3115015625953674,1.2820656895637512,1.3267955780029297,1.2928053736686707,1.3499606847763062,2.9174053685313024,3.364314306542351,3.448852471564318,2.9540414690844656,0.37730541825294495,0.5056870430707932,0.15400271117687225,0.24071034044027328,0.106903076171875,0.09844970703125,0.45
6084,weight_0.55,1.4907982845314376,2.094578158623825,6.322040099326019,5.010027918858419,13.333333333333334,13.333333333333334,0.009274125099182129,0.032305428242135115,0.7257168316454261,1.7005986908310775,3.0546237913821823,2.6020033435383976,3.3277201751838237,2.4849066497880004,3.176314698159783,3.729669447610148,3.71638981107397,3.58351893845611,3.615824366698245,4.01536746204927,3.4394206344087475,0.9083139083139083,0.9420504385964912,0.8183869948166906,0.6917321059162159,1.3785362243652344,1.3115015625953674,1.3360697031021118,1.3267955780029297,1.3589734435081482,1.3499606847763062,2.908555579981602,3.364314306542351,3.3344316853498936,2.9540414690844656,0.3909265100955963,0.5056870430707932,0.15477829426527023,0.24071034044027328,0.12310791015625,0.09844970703125,0.55
6084,weight_0.65,1.861034492796102,2.2260988816210574,6.109916942951387,5.010027918858419,13.333333333333334,13.333333333333334,0.09260499477386475,0.25341969454907787,0.6989724891699329,2.0715673631957663,3.0546237913821823,2.6287476860138907,3.3277201751838237,2.5249280036247685,3.176314698159783,3.614919389075625,3.71638981107397,3.869244061247323,3.615824366698245,3.8158370591044184,3.4394206344087475,0.8704092748210395,0.9420504385964912,0.8437568060640077,0.6917321059162159,1.4922751784324646,1.3115015625953674,1.4194005727767944,1.3267955780029297,1.3706436157226562,1.3499606847763062,2.585241997519076,3.364314306542351,3.6305247573806962,2.9540414690844656,0.4104740619659424,0.5056870430707932,0.15599972754716873,0.24071034044027328,0.15277099609375,0.09844970703125,0.65
6085,weight_0.35,1.3408921508669125,1.6624875343881904,6.664893907142706,2.9924409722664036,6.666666666666667,73.33333333333333,0.11472904682159424,1.1691048019834875,0.6593370867224553,2.4414009612931853,2.8617925509761903,2.4337672252277915,3.093104311950247,2.4337672252277915,2.92177220851568,3.170179651863876,4.73307235276497,3.1661955670392876,4.335300369022775,3.5979686132377844,3.8828905513621583,0.8989734816082122,0.9299349632081988,0.8228251822125636,0.7779849493156217,1.3121488094329834,1.3093021512031555,1.3575440049171448,1.2428149580955505,1.3830602169036865,1.178954839706421,2.772588722239781,3.262514828921731,3.310036603265178,3.5187334427518975,0.36517852544784546,0.464388906955719,0.14771000295877457,0.18863289058208466,0.112274169921875,0.11212158203125,0.35
6085,weight_0.45,1.2991704170796996,1.7083000725881654,6.433713351549753,2.9924409722664036,6.666666666666667,73.33333333333333,0.1599743366241455,1.2220320343790423,0.5746280107434321,2.2154083994216567,2.8617925509761903,2.5184763012068148,3.093104311950247,2.4337672252277915,2.92177220851568,3.185805923615928,4.73307235276497,3.113268334643733,4.335300369022775,3.7477709719421277,3.8828905513621583,0.9238026124818578,0.9299349632081988,0.7852344113129954,0.7779849493156217,1.3497325778007507,1.3093021512031555,1.402789294719696,1.2428149580955505,1.4038480520248413,1.178954839706421,2.799210979499187,3.262514828921731,3.383095857330175,3.5187334427518975,0.3736330717802048,0.464388906955719,0.14970602095127106,0.18863289058208466,0.117919921875,0.11212158203125,0.45
6085,weight_0.55,1.4547953782954886,1.7204512918329988,6.678247928099498,2.9924409722664036,6.666666666666667,73.33333333333333,0.21294832229614258,0.725845515213245,0.7120173445513687,2.1242476210246797,2.8617925509761903,2.381086967398878,3.093104311950247,2.6020033435383976,2.92177220851568,3.377302049743981,4.73307235276497,3.60945485380953,4.335300369022775,3.7871508888724517,3.8828905513621583,0.9170926899187769,0.9299349632081988,0.743748523852694,0.7779849493156217,1.4109371900558472,1.3093021512031555,1.4557632803916931,1.2428149580955505,1.4931183457374573,1.178954839706421,2.7647145437557112,3.262514828921731,3.8709839499103422,3.5187334427518975,0.38689544796943665,0.464388906955719,0.1517975628376007,0.18863289058208466,0.1339111328125,0.11212158203125,0.55
6085,weight_0.65,1.607749235974171,2.004057241571494,7.340818148179296,2.9924409722664036,6.666666666666667,73.33333333333333,0.31247884035110474,0.2620182699510103,0.5746280107434321,1.791759469228055,2.8617925509761903,2.5184763012068148,3.093104311950247,2.5649493574615367,2.92177220851568,3.310036603265178,4.73307235276497,4.073282099071765,4.335300369022775,4.052729235147239,3.8828905513621583,0.9255230004623208,0.9299349632081988,0.802884539530733,0.7779849493156217,1.474076271057129,1.3093021512031555,1.5552937984466553,1.2428149580955505,1.5387980937957764,1.178954839706421,2.7403194616709956,3.262514828921731,3.8750920811289182,3.5187334427518975,0.40394359827041626,0.464388906955719,0.152986578643322,0.18863289058208466,0.169464111328125,0.11212158203125,0.65
6090,weight_0.35,1.3864148184862886,1.678764273357724,9.405021220659968,6.53527744516666,6.666666666666667,6.666666666666667,0.0035706162452697754,0.8047189562170498,0.037053986076860834,2.3221954495706862,2.4849066497880004,2.6020033435383976,2.5649493574615367,2.799210979499187,1.791759469228055,3.251395022957812,4.102643365036796,3.2896256060050506,4.0943445622221,3.061246404757193,3.8918202981106265,0.8983247331589737,0.9411764705882353,0.8026993125258816,0.706765851867275,1.3098546266555786,1.2998409271240234,1.2687726616859436,1.2723432779312134,1.2355994582176208,1.3477648496627808,2.736135336835737,2.3978952727983707,3.525927811477947,3.3141860046725258,0.3916860669851303,0.3164046108722687,0.16777479648590088,0.12113367766141891,0.09130859375,0.18109130859375,0.35
6090,weight_0.45,1.2724049209661956,1.474627684529286,7.56659040759093,6.53527744516666,6.666666666666667,6.666666666666667,0.05185222625732422,0.665062044826418,0.07410797215372167,2.3502401828962083,2.4849066497880004,2.6390573296152584,2.5649493574615367,2.70805020110221,1.791759469228055,3.1457845697791598,4.102643365036796,3.4292825173956825,4.0943445622221,3.425856944049256,3.8918202981106265,0.8882957292506044,0.9411764705882353,0.7849158446366915,0.706765851867275,1.3394743204116821,1.2998409271240234,1.3241955041885376,1.2723432779312134,1.2603805661201477,1.3477648496627808,2.7647145437557117,2.3978952727983707,3.3460418712533144,3.3141860046725258,0.397108718752861,0.3164046108722687,0.1671740785241127,0.12113367766141891,0.0972900390625,0.18109130859375,0.45
6090,weight_0.55,1.4125784174670706,1.5439257827625634,8.158422484532778,6.53527744516666,6.666666666666667,6.666666666666667,0.10724788904190063,0.8921437271946768,0.20568241511767615,1.9459101490553132,2.4849066497880004,2.770631772579213,2.5649493574615367,2.772588722239781,1.791759469228055,3.512102045812692,4.102643365036796,3.2022008350274236,4.0943445622221,3.438132305945383,3.8918202981106265,0.9150588420707877,0.9411764705882353,0.7623966265476946,0.706765851867275,1.409469723701477,1.2998409271240234,1.379591166973114,1.2723432779312134,1.3089351654052734,1.3477648496627808,2.7647145437557112,2.3978952727983707,3.5745657992787034,3.3141860046725258,0.41103754937648773,0.3164046108722687,0.16630733013153076,0.12113367766141891,0.112396240234375,0.18109130859375,0.55
6090,weight_0.65,1.4846094086208095,1.7136190527658755,7.834638718692623,6.53527744516666,6.666666666666667,6.666666666666667,0.16410917043685913,0.3935000446831456,0.07155042182033666,1.868834809141684,2.4849066497880004,2.6364997792818734,2.5649493574615367,2.8903717578961645,1.791759469228055,3.21162348176676,4.102643365036796,3.700844517538955,4.0943445622221,3.7831555073862315,3.8918202981106265,0.8811538461538462,0.9411764705882353,0.8077110374541622,0.706765851867275,1.4812334775924683,1.2998409271240234,1.4364524483680725,1.2723432779312134,1.3402724266052246,1.3477648496627808,2.6364997792818734,2.3978952727983707,3.6625744789777874,3.3141860046725258,0.42447929084300995,0.3164046108722687,0.16662166267633438,0.12113367766141891,0.13787841796875,0.18109130859375,0.65
6095,weight_0.35,2.0699599030479914,2.457122318086999,8.096141404606351,4.526351218237921,6.666666666666667,26.666666666666668,0.21200299263000488,1.5400838430106853,0.5199399075018563,2.0715673631957663,2.70805020110221,2.6155543084272934,3.1354942159291497,2.596478425445105,3.1780538303479458,3.3649120352447377,5.1647859739235145,3.0946451452189505,4.634728988229636,3.545038417888046,4.276666119016055,0.9190934886499402,0.9153225806451613,0.8058965083676684,0.8232139705092951,1.2425014972686768,1.1877989768981934,1.2457436323165894,1.0337406396865845,1.2843012809753418,0.9568137526512146,2.668769039850659,3.258096538021482,3.441731293206546,3.784189633918261,0.3877011388540268,0.6300324201583862,0.1707964763045311,0.23411968350410461,0.089263916015625,0.191162109375,0.35
6095,weight_0.45,1.9972311795895352,2.3863929745507533,7.3336733877437466,4.526351218237921,6.666666666666667,26.666666666666668,0.2703521251678467,1.154555123678982,0.4296711900016299,2.302585092994046,2.70805020110221,2.7058230259275198,3.1354942159291497,2.7647145437557112,3.1780538303479458,3.398970206487465,5.1647859739235145,3.480173864550654,4.634728988229636,3.35098018300127,4.276666119016055,0.9138770541692027,0.9153225806451613,0.7643195435011685,0.8232139705092951,1.2863037586212158,1.1877989768981934,1.3040927648544312,1.0337406396865845,1.3275744318962097,0.9568137526512146,2.772588722239781,3.258096538021482,3.8262728463469604,3.784189633918261,0.4008495658636093,0.6300324201583862,0.1704414263367653,0.23411968350410461,0.09857177734375,0.191162109375,0.45
6095,weight_0.55,2.2400029686940788,2.6362913581437724,7.0935926928189525,4.526351218237921,6.666666666666667,26.666666666666668,0.345428466796875,1.0212609789829914,0.7852540330329414,2.4414009612931853,2.70805020110221,2.3502401828962083,3.1354942159291497,2.833213344056216,3.1780538303479458,3.3160008886978147,5.1647859739235145,3.6134680092466445,4.634728988229636,3.2769667020129054,4.276666119016055,0.8771707896051975,0.9153225806451613,0.7929832024920707,0.8232139705092951,1.346793532371521,1.1877989768981934,1.3791691064834595,1.0337406396865845,1.4085488319396973,0.9568137526512146,2.772588722239781,3.258096538021482,3.6105525490912482,3.784189633918261,0.4149385243654251,0.6300324201583862,0.17014460265636444,0.23411968350410461,0.112274169921875,0.191162109375,0.55
6095,weight_0.65,2.1769732876465184,2.817949420150938,7.223645556087656,4.526351218237921,6.666666666666667,26.666666666666668,0.40174180269241333,1.372580862661342,0.46194045057041544,2.2499048351651325,2.70805020110221,2.6735537653587342,3.1354942159291497,2.6364997792818734,3.1780538303479458,3.7336855334587797,5.1647859739235145,3.262148125568294,4.634728988229636,4.00542873646155,4.276666119016055,0.9186813186813187,0.9153225806451613,0.7866021473358012,0.8232139705092951,1.4704622030258179,1.1877989768981934,1.4354824423789978,1.0337406396865845,1.5423868298530579,0.9568137526512146,2.8617925509761903,3.258096538021482,3.8537560973001703,3.784189633918261,0.4284233897924423,0.6300324201583862,0.1696608066558838,0.23411968350410461,0.139251708984375,0.191162109375,0.65
