target,growth_run_id,method,true_target,raw_predicted_target,predicted_target,range_calibration_log_scale,absolute_error,predicted_absolute_error,confidence,interval_lower,interval_upper,interval_radius,interval_covered,outer_target_used_for_training,outer_fit_growth_count,inner_selection_score,selected_by_inner_cv,uncertainty_risk_score,nearest_training_rheed_distance,knn_training_rheed_distance,maximum_absolute_robust_z,ledoit_wolf_mahalanobis,density_ood_z,support_confidence,core_head_disagreement_log_std,core_head_log_range,r3d_knn_training_distance,r3d_density_ood_z,r3d_support_confidence,training_target_q25_nm,training_target_median_nm,training_target_q75_nm,training_target_iqr_nm,selected_candidate,protocol,training_selection_source,query_selection_source
Rq_nm,6022,M14i_target_specific_robust,1.649340271949768,3.0533193021820155,2.9051489045306096,1.2,1.2558086325808415,6.7089507743523145,0.0143399440123949,0.0,11.341625535063304,8.436476630532693,True,False,22,2.424176212276828,False,2.9320579109857845,1.4277915150252305,1.4346711497503188,3.4061135371181748,1.770139515599866,2.2109426742108544,0.1095972852698291,0.1540258376346566,0.4629079348229998,9.673312301039708,2.7265721035776953,0.0654432382548339,1.827515497803688,2.469510078430176,3.9475588798522945,2.1200433820486064,M14g_multiview_curated60_r3d40,human→human (frozen strict LOO),human,human
Rq_nm,6028,M14i_target_specific_robust,5.214306831359862,3.035938837735339,3.25069189308828,1.2,1.9636149382715824,2.2255354813302533,0.4495871656728656,0.0,7.4176519812663795,4.166960088178099,True,False,22,2.0472533155029047,False,0.4308547655239734,1.3892959248704395,1.4283284630357578,5.133824415794975,2.5146448536868973,2.244632180691996,0.1059665097345464,0.2043916979481663,0.5819838851708414,3.972913489764421,-1.4289057737881017,1.0,1.6908759325742722,2.3496785163879395,3.782098889350891,2.091222956776619,M14g_multiview_curated60_r3d40,human→human (frozen strict LOO),human,human
Rq_nm,6029,M14i_target_specific_robust,2.2897632122039795,1.767081165843539,1.6853788852392595,1.2,0.60438432696472,1.2705737248261155,1.0,0.0,4.43651931849411,2.7511404332548506,True,False,22,2.1155614652325574,False,0.0,1.6849710160778784,1.960534344311144,7.899998399803669,3.7922956507512,5.408792236674996,0.004477044157085,0.2221778460435295,0.6332205534900822,4.963080815048979,-0.5844087861149129,1.0,1.6908759325742722,2.469510078430176,3.9475588798522945,2.2566829472780223,M14g_multiview_curated60_r3d40,human→human (frozen strict LOO),human,human
Rq_nm,6033,M14i_target_specific_robust,2.0502288341522217,3.0708153090409636,3.2827861087080774,1.2,1.2325572745558555,1.977637164304442,0.5891408806246282,0.2769468716261598,6.288625345789995,3.0058392370819176,True,False,22,2.1716744813610305,False,0.3603855965938251,0.9123982500956862,0.9649114167648808,2.8502110613989142,1.827423610068692,0.0178997079658453,0.982259540225798,0.1840667004394011,0.5256961072421797,5.36714786668998,-0.0806949788556872,1.0,1.6908759325742722,2.469510078430176,3.9475588798522945,2.2566829472780223,M14g_multiview_curated60_r3d40,human→human (frozen strict LOO),human,human
Rq_nm,6047,M14i_target_specific_robust,3.348536252975464,2.4922875837820455,2.5639696015377345,1.2,0.7845666514377294,1.7192776273042147,0.7301222013265353,0.0,5.6853347944984005,3.1213651929606656,True,False,22,2.127956231231611,False,0.2033555290038016,0.9190394611569476,0.9882415529208148,2.509565949082446,1.5503914652461883,-0.0083066302761168,1.0,0.1780247467161414,0.4996192280991305,5.6052520646470825,0.1083970921492715,0.8972712263194923,1.6908759325742722,2.3496785163879395,3.9475588798522945,2.2566829472780223,M14g_multiview_curated60_r3d40,human→human (frozen strict LOO),human,human
Rq_nm,6048,M14i_target_specific_robust,1.8154829144477844,2.8710813384355127,3.0553992774616523,1.2,1.239916363013868,1.4513319915910503,0.8099779952230255,0.5453568244587026,5.565441730464602,2.5100424530029497,True,False,22,2.0789736576041573,False,0.2610157949088078,1.256130492265073,1.3202566310123431,4.618779341970763,2.1504456253429267,1.9738041701340765,0.1389273464188974,0.2488381781958924,0.7133572131566933,5.1480830730740195,-0.4004189992745843,1.0,1.7029085159301758,2.469510078430176,3.9475588798522945,2.2446503639221187,M14g_multiview_curated60_r3d40,human→human (frozen strict LOO),human,human
Rq_nm,6056,M14i_target_specific_robust,2.529426336288452,2.910402564428134,3.0677358142817424,1.2,0.5383094779932902,1.926349403574248,0.6083120797817678,0.0,6.1594659834088805,3.091730169127138,True,False,22,2.144334216468085,False,0.3181914848782426,0.9534960664176152,1.0867607870520188,2.7094198350911043,1.445949647049424,0.6563977498659392,0.5187165196955683,0.0435652178582973,0.1379669383725454,3.7907459705944775,-1.590016412241401,1.0,1.6908759325742722,2.3496785163879395,3.9475588798522945,2.2566829472780223,M14g_multiview_curated60_r3d40,human→human (frozen strict LOO),human,human
Rq_nm,6057,M14i_target_specific_robust,3.9545385837554927,2.6552623927619403,2.784136063604838,1.2,1.1704025201506547,1.7049828633538475,0.8073978241177241,0.6457492184003009,4.922522908809375,2.138386845204537,True,False,22,2.1470462081352335,False,0.2077528585888159,0.9876133502031076,1.0095810759503905,2.1728547449218625,1.4782339760582663,0.1223264972290443,0.8848594171864868,0.2946624436747098,0.8258048535952276,3.827223669402734,-2.3838787113306705,1.0,1.6908759325742722,2.3496785163879395,3.782098889350891,2.091222956776619,M14g_multiview_curated60_r3d40,human→human (frozen strict LOO),human,human
Rq_nm,6062,M14i_target_specific_robust,3.0923656225204468,1.8983668818635,1.8514831783720525,1.2,1.2408824441483943,1.1428879162606302,1.0,0.0,4.899851067665436,3.0483678892933836,True,False,22,2.0577087870556623,False,0.0,1.0681210244562322,1.180005073443779,3.1121051160190056,2.0284500353427215,0.7490737394839023,0.4728042899259826,0.2019003790800456,0.5774436028909399,4.788684175416461,-0.5275482156655512,1.0,1.6908759325742722,2.3496785163879395,3.9475588798522945,2.2566829472780223,M14g_multiview_curated60_r3d40,human→human (frozen strict LOO),human,human
Rq_nm,6063,M14i_target_specific_robust,5.24570107460022,1.829044993420094,1.8067586186565687,1.2,3.4389424559436508,1.3156325946157046,0.6266318458410954,0.0011355295159212,3.612381707797217,1.8056230891406475,False,False,22,1.743997131165917,False,0.3012757813619646,2.789944881106354,2.8320193881403406,8.375553395840946,5.035528390580862,7.941338674256478,0.0003557299528918,0.3173621669290853,0.8523141116265702,6.146427448047631,0.3012757813619646,0.7398737012314335,1.6908759325742722,2.3496785163879395,3.782098889350891,2.091222956776619,M14g_multiview_curated60_r3d40,human→human (frozen strict LOO),human,human
Rq_nm,6070,M14i_target_specific_robust,2.544952154159546,2.0978418939196475,2.1136279062658963,1.2,0.4313242478936496,1.308299960502509,1.0,0.0,5.140278458319555,3.0266505520536593,True,False,22,2.1422525813310997,False,0.0,1.3159531454921551,1.516811339097849,3.866666666666509,2.439560998278796,2.848862891603648,0.0579101335487671,0.2225131757100384,0.623374016901706,5.184920701176423,-0.3292929446156009,1.0,1.6908759325742722,2.3496785163879395,3.9475588798522945,2.2566829472780223,M14g_multiview_curated60_r3d40,human→human (frozen strict LOO),human,human
Rq_nm,6072,M14i_target_specific_robust,1.470114827156067,1.88627824342654,1.871398490884853,1.2,0.4012836637287862,2.211209162689334,0.5141374169469806,0.0,5.905906316408771,4.034507825523918,True,False,22,2.1779662324714124,False,0.5288526558413371,0.9078384626064412,0.975345178718132,2.1562745148748856,1.7513740708882677,-0.0271285659232163,1.0,0.0703448838494902,0.1976902658819195,5.963413859149202,0.5288526558413371,0.5892806897196703,1.827515497803688,2.469510078430176,3.9475588798522945,2.1200433820486064,M14g_multiview_curated60_r3d40,human→human (frozen strict LOO),human,human
Rq_nm,6078,M14i_target_specific_robust,1.5030123591423037,2.5199273977282663,2.589831177908233,1.2,1.0868188187659291,1.2193004723443197,0.9386894880460968,0.2488385354837903,4.930823820332675,2.3409926424244425,True,False,22,2.047712072234683,False,0.0567540742311557,0.668331224024758,0.743634410138375,0.9724770642201428,1.172346429019086,-1.2517934989086172,1.0,0.0364878239458711,0.1103472086786901,3.439285785340225,-2.943447371030948,1.0,1.827515497803688,2.469510078430176,3.9475588798522945,2.1200433820486064,M14g_multiview_curated60_r3d40,human→human (frozen strict LOO),human,human
Rq_nm,6080,M14i_target_specific_robust,3.9266197681427,2.0448613882107343,2.018856268701533,1.2,1.9077634994411672,1.829639675138312,0.5887890234612579,0.0,5.275129224237329,3.2562729555357963,True,False,22,1.9768333057512135,False,0.4504926120810617,0.7828659864661281,0.8375983722141789,1.3394495412840617,1.345246813284534,-0.494537699212313,1.0,0.0456749300434832,0.1370157132051093,6.188183961022555,0.4504926120810617,0.6373141256439049,1.6908759325742722,2.3496785163879395,3.8030380010604854,2.1121620684862132,M14g_multiview_curated60_r3d40,human→human (frozen strict LOO),human,human
Rq_nm,6081,M14i_target_specific_robust,0.9417254328727722,2.355973983967622,2.3635626189192203,1.2,1.421837186046448,1.2032912744685331,1.0,0.7331803985576424,3.993944839280798,1.630382220361578,True,False,22,2.053793903846649,False,0.0,0.6699731525875137,0.9669459648652696,3.4316375059254143,1.8526331669295049,-0.0473515205941294,1.0,0.1864575163240804,0.5041480951873178,4.425341901940658,-0.9552381601642492,1.0,1.827515497803688,2.469510078430176,3.9475588798522945,2.1200433820486064,M14g_multiview_curated60_r3d40,human→human (frozen strict LOO),human,human
Rq_nm,6082,M14i_target_specific_robust,1.863613247871399,2.553984273669222,2.633743814136842,1.2,0.770130566265443,1.752329307904211,0.7223396005142892,0.0,6.06493285331338,3.431189039176538,True,False,22,2.1448092988679996,False,0.3005458998680255,0.9645516510212904,0.9951802778817548,2.257679505995431,1.6963171316944552,0.1431461911639637,0.8666273663709073,0.098160103315052,0.2919168863387703,5.874906291212793,0.2277692894430819,0.7963079552962427,1.6908759325742722,2.469510078430176,3.9475588798522945,2.2566829472780223,M14g_multiview_curated60_r3d40,human→human (frozen strict LOO),human,human
Rq_nm,6084,M14i_target_specific_robust,1.391980767250061,2.2455255205047195,2.2487154177490387,1.2,0.8567346504989777,1.2914029496253248,1.0,0.3712019880729558,4.126228847425121,1.877513429676083,True,False,22,2.1222525098753664,False,0.0,0.6111868481336836,0.8241908883350287,2.721735425997602,1.5029239272225778,-0.481686167808762,1.0,0.1333348026986468,0.3703911788596467,5.102010100773133,-0.3672394113231988,1.0,1.827515497803688,2.469510078430176,3.9475588798522945,2.1200433820486064,M14g_multiview_curated60_r3d40,human→human (frozen strict LOO),human,human
Rq_nm,6085,M14i_target_specific_robust,2.2395859956741333,3.45303441542474,3.735542984958112,1.2,1.4959569892839788,3.1706231206968973,0.2136882157285271,0.43641925573215,7.034666714184074,3.299123729225962,True,False,22,2.065085489948941,False,0.9577694201566708,0.7608374027216313,0.7950366422056891,1.7182105218609411,1.0329788607590067,-0.6570368820896003,1.0,0.030123418661492,0.0819530195170898,5.893259345858638,0.39675445433925,0.6724991346052923,1.6908759325742722,2.469510078430176,3.9475588798522945,2.2566829472780223,M14g_multiview_curated60_r3d40,human→human (frozen strict LOO),human,human
Rq_nm,6090,M14i_target_specific_robust,2.4095938205718994,5.259162590233294,5.843386693592487,1.2,3.433792873020588,4.156508861353481,0.047681084362844,0.2378872110367984,11.448886176148177,5.605499482555689,True,False,22,1.7595792898894893,False,1.521610256987168,0.918430537318236,1.1083626990743956,5.5781393563572435,2.309046043117737,0.5642438646331475,0.5687900664838847,0.0490916255771598,0.1547336603547628,4.7691797790065875,-0.6202536890122637,1.0,1.6908759325742722,2.409594774246216,3.9475588798522945,2.2566829472780223,M14g_multiview_curated60_r3d40,human→human (frozen strict LOO),human,human
Rq_nm,6094,M14i_target_specific_robust,4.058265686035156,2.780119287144231,3.052723516081734,1.2,1.0055421699534222,3.440729344966715,0.1747728622021135,0.0,8.648063510051749,5.595339993970014,True,False,22,2.026041418783178,False,1.583794017948212,0.8253430228985845,0.8798189276169041,1.9594030505603268,1.2755242608620796,-0.4622298971980687,1.0,0.0923198617209774,0.2653136200035886,7.044864889570191,1.2476055702193012,0.2871916344421321,1.6908759325742722,2.3496785163879395,3.782098889350891,2.091222956776619,M14g_multiview_curated60_r3d40,human→human (frozen strict LOO),human,human
Rq_nm,6095,M14i_target_specific_robust,9.07418346405029,3.5728606861773757,3.8249712871496846,1.2,5.249212176900604,3.228990320189691,0.2439144301568904,0.8052441768486802,6.8446983974506885,3.0197271103010044,False,False,22,1.96281216691653,False,0.7054689056377519,0.9065762240762578,0.9246964916532776,3.0699788813309867,1.6509470376843822,-0.3182589212770914,1.0,0.012308702989673,0.0391746186330119,5.203209037118836,-0.2686465364465306,1.0,1.6908759325742722,2.3496785163879395,3.782098889350891,2.091222956776619,M14g_multiview_curated60_r3d40,human→human (frozen strict LOO),human,human
Rq_nm,6099,M14i_target_specific_robust,9.394835472106934,2.738899498632767,2.835720014733352,1.2,6.559115457373581,3.3150876999647707,0.0858560089975576,0.0,7.884026423739829,5.048306409006478,False,False,22,1.729311474690845,False,1.7616839374036923,0.6379942856664902,0.7278280345507137,0.951681109185442,1.0551117640396086,-1.2832704743009131,1.0,0.1116094806594053,0.3048994869335923,7.009338592706342,1.5292641962324354,0.2166950537071928,1.6908759325742722,2.3496785163879395,3.782098889350891,2.091222956776619,M14g_multiview_curated60_r3d40,human→human (frozen strict LOO),human,human
Rq_nm,6101,M14i_target_specific_robust,0.481030598282814,0.7324839670441636,0.6082793786455885,1.2,0.1272487803627744,1.2992336411366665,1.0,0.0,3.8769906463522337,3.268711267706645,True,False,22,2.121274348038782,False,0.0,11.193902536367013,11.564851400784462,46.60262008734036,43.72953941026902,55.29166230042766,9.708143063570135e-25,0.5565480807070773,1.5715372845021198,4.832375136832425,-0.5369135919172634,1.0,1.827515497803688,2.469510078430176,3.9475588798522945,2.1200433820486064,M14g_multiview_curated60_r3d40,human→human (frozen strict LOO),human,human
Rq_nm,6022,M14i_target_specific_robust,1.649340271949768,1.872182807652633,1.8072487182784265,0.8333333333333334,0.15790844632865841,5.50860562948948,0.017956789832699032,0.0,15.716487922813373,13.909239204534947,True,False,22,11.14992093095892,False,4.126559609285359,6.734938684720732,15.199286115793731,75.92499999999727,9.61806548868792,49.284624016502484,3.9442074307720825e-22,0.1849658535173403,0.508311993481741,12.093930434554943,4.126559609285359,0.016138305499596314,1.827515497803688,2.469510078430176,3.9475588798522945,2.1200433820486064,M14g_multiview_curated60_r3d40,auto→auto (strict LOO),automatic_v5_v8,automatic_v5_v8
Rq_nm,6028,M14i_target_specific_robust,5.214306831359862,2.8811923192313533,3.004838831294331,1.2,2.2094680000655313,1.3109085212746887,0.7659554002334028,0.0,6.106853297903602,3.1020144666092713,True,False,22,1.8104113835927804,False,0.3132905139470381,1.031085773555806,1.084403838149876,3.025496454244702,1.08853180153272,0.5119658511795195,0.5993162534392482,0.1207053730578261,0.3375010357998355,3.8271023204082497,-0.836398731377099,1.0,1.6908759325742722,2.3496785163879395,3.782098889350891,2.091222956776619,M14g_multiview_curated60_r3d40,auto→auto (strict LOO),automatic_v5_v8,automatic_v5_v8
Rq_nm,6029,M14i_target_specific_robust,2.2897632122039795,2.0476980268015486,1.8194584918324843,1.182490068109752,0.4703047203714952,1.124160950568333,1.0,0.0,4.446352279874454,2.6268937880419703,True,False,22,4.211075439951177,False,0.0,6.841900517099378,19.207630885833723,99.09999999999629,16.60528952407917,67.31110361818075,5.8500439359865804e-30,0.12639355441353353,0.3448451288195572,4.102096060545123,-0.5283989080857896,1.0,1.6908759325742722,2.469510078430176,3.9475588798522945,2.2566829472780223,M14g_multiview_curated60_r3d40,auto→auto (strict LOO),automatic_v5_v8,automatic_v5_v8
Rq_nm,6033,M14i_target_specific_robust,2.0502288341522217,2.6887199112729223,2.7935845661695446,1.2,0.743355732017323,1.3158335639031085,0.8438928857411472,0.0,5.68132155964827,2.8877369934787245,True,False,22,1.928605068899001,False,0.14360656561448418,1.151735783274137,1.1907045108350445,3.333089122337381,1.2652550764061388,1.3147556259444575,0.2685399394155346,0.12036028621005612,0.38316216671807346,3.505250508371155,-0.894732633347827,1.0,1.6908759325742722,2.469510078430176,3.9475588798522945,2.2566829472780223,M14g_multiview_curated60_r3d40,auto→auto (strict LOO),automatic_v5_v8,automatic_v5_v8
Rq_nm,6047,M14i_target_specific_robust,3.348536252975464,2.511980560610454,2.5733206988222364,1.2,0.7752155541532275,1.1272763313228464,0.910495966865654,0.0,5.304000193437446,2.730679494615209,True,False,22,1.872730723494001,False,0.09910217237385996,0.3750191364778354,0.5116332152915573,0.7563117673056778,0.518482228880919,-1.3877245444563509,1.0,0.013835391952311104,0.04084865181143593,3.738477467430234,-0.8285591755933692,1.0,1.6908759325742722,2.3496785163879395,3.9475588798522945,2.2566829472780223,M14g_multiview_curated60_r3d40,auto→auto (strict LOO),automatic_v5_v8,automatic_v5_v8
Rq_nm,6048,M14i_target_specific_robust,1.8154829144477844,2.598038459766005,2.6080409250202288,1.2,0.7925580105724443,2.693182058008918,0.20326655586248737,0.0,8.651800686983053,6.043759761962825,True,False,22,1.8818829984921674,False,1.6252223556869276,0.7315504223412749,0.8477002831585386,2.1818181818181817,0.831676174822106,-0.18484205701792888,1.0,0.08688331916355728,0.26363166423080286,7.848047865870079,1.5635063535795903,0.209400550087426,1.7029085159301758,2.469510078430176,3.9475588798522945,2.2446503639221187,M14g_multiview_curated60_r3d40,auto→auto (strict LOO),automatic_v5_v8,automatic_v5_v8
Rq_nm,6056,M14i_target_specific_robust,2.529426336288452,2.8780278937648207,2.99229790079234,1.2,0.4628715645038879,1.5819623591538503,0.759702448030802,0.0,6.036202872735134,3.043904971942794,True,False,22,1.9704432842340114,False,0.28476281312778945,0.7885121953961123,0.8247475856732253,1.3454644075538496,0.8925009679844146,-0.5499834380685454,1.0,0.1418906528967434,0.38849525627948833,3.5260856151043782,-1.0069969852649652,1.0,1.6908759325742722,2.3496785163879395,3.9475588798522945,2.2566829472780223,M14g_multiview_curated60_r3d40,auto→auto (strict LOO),automatic_v5_v8,automatic_v5_v8
Rq_nm,6057,M14i_target_specific_robust,3.9545385837554927,1.6484919588293907,1.558052443952755,1.2,2.3964861398027377,0.9699745161180444,1.0,0.0,3.284565406598418,1.726512962645663,False,False,22,1.7376682177068208,False,0.0,1.0060054413349448,1.0179379508532518,2.0,0.9226419342088058,0.24687357730054565,0.7812394536891377,0.37778483061146506,1.05933144779853,5.129005842115786,-0.06647114850914923,1.0,1.6908759325742722,2.3496785163879395,3.782098889350891,2.091222956776619,M14g_multiview_curated60_r3d40,auto→auto (strict LOO),automatic_v5_v8,automatic_v5_v8
Rq_nm,6062,M14i_target_specific_robust,3.0923656225204468,2.5310541387458074,2.5621089659904164,1.2,0.5302566565300304,1.1889624946779662,0.9139236080690637,0.2429240969562123,4.88129383502462,2.319184869034204,True,False,22,1.9120179005048004,False,0.09413393665189317,0.8834564129246809,0.9428399381028347,2.363580246913582,1.1004976959859993,0.2512986674229614,0.7777900363194482,0.2599554380651441,0.7379352610913836,3.804745265622191,-0.7957715230947807,1.0,1.6908759325742722,2.3496785163879395,3.9475588798522945,2.2566829472780223,M14g_multiview_curated60_r3d40,auto→auto (strict LOO),automatic_v5_v8,automatic_v5_v8
Rq_nm,6063,M14i_target_specific_robust,5.24570107460022,2.841471151757201,2.9724541925666133,1.2,2.2732468820336065,1.2042734204330332,0.8156748015165154,0.0007927740837230246,5.9441156110495035,2.9716614184828902,True,False,22,1.748309929995297,False,0.331857500001484,1.3466690262145984,1.608932844583963,5.1930069346172685,2.0349448407552706,2.6207215600875187,0.07275035013517202,0.4134323748614309,1.0979030090177597,5.08549313892366,0.03405296693600383,0.9665203096623098,1.6908759325742722,2.3496785163879395,3.782098889350891,2.091222956776619,M14g_multiview_curated60_r3d40,auto→auto (strict LOO),automatic_v5_v8,automatic_v5_v8
Rq_nm,6070,M14i_target_specific_robust,2.544952154159546,2.281365013254925,2.299740318433847,1.2,0.2452118357256987,1.061119521566772,1.0,0.0,4.7307081936175255,2.430967875183678,True,False,22,1.8896854892166501,False,0.0,0.7720792585169952,0.8253862115425133,1.5302583499409776,0.8143054837166429,-0.36374163380050983,1.0,0.2583219891700346,0.6893829685484979,5.0127146571234285,-0.02646928093907159,1.0,1.6908759325742722,2.3496785163879395,3.9475588798522945,2.2566829472780223,M14g_multiview_curated60_r3d40,auto→auto (strict LOO),automatic_v5_v8,automatic_v5_v8
Rq_nm,6072,M14i_target_specific_robust,1.470114827156067,2.4342741027898462,2.4850351403719424,1.2,1.0149203132158755,1.4685592937427565,0.5941747049319791,0.0,6.372706150731478,3.8876710103595356,True,False,22,1.875581899096007,False,0.8038541648646738,0.7996937713928531,0.9394638351318014,1.937843406593407,1.065922215905018,0.06949364341060595,0.9328660632122328,0.2726269738468724,0.726424152936514,6.511100679624296,0.7965311722913969,0.45089031534181057,1.827515497803688,2.469510078430176,3.9475588798522945,2.1200433820486064,M14g_multiview_curated60_r3d40,auto→auto (strict LOO),automatic_v5_v8,automatic_v5_v8
Rq_nm,6078,M14i_target_specific_robust,1.5030123591423035,2.338655683661768,2.3704730662842177,1.2,0.8674607071419143,1.0720874235449234,1.0,0.5392939788310942,4.201652153737341,1.8311790874531235,True,False,22,1.9015650946177693,False,0.0,1.0842537697380228,1.1108801368000976,3.7837837837832793,1.1001587771822139,0.8207150803783376,0.440116823050177,0.09355334824646996,0.2523011606688693,4.586670225403833,-0.34793006835609075,1.0,1.827515497803688,2.469510078430176,3.9475588798522945,2.1200433820486064,M14g_multiview_curated60_r3d40,auto→auto (strict LOO),automatic_v5_v8,automatic_v5_v8
Rq_nm,6080,M14i_target_specific_robust,3.9266197681427,1.7451105765944976,1.6693018753396154,1.2,2.257317892803085,1.9851843635377537,0.28005755425664075,0.0,7.606697653816795,5.937395778477179,True,False,22,1.7094949633507293,False,1.5562490468212695,1.098157999453276,1.1515268572774728,2.7447638760670627,1.0657070999660698,1.0983270916926935,0.3334284125493134,0.2864571322803666,0.7727121575331067,8.126628753221661,1.5562490468212695,0.2109257618855042,1.6908759325742722,2.3496785163879395,3.8030380010604854,2.1121620684862132,M14g_multiview_curated60_r3d40,auto→auto (strict LOO),automatic_v5_v8,automatic_v5_v8
Rq_nm,6081,M14i_target_specific_robust,0.9417254328727722,3.1823301010374188,3.3471590803339932,1.2,2.405433647461221,1.4395920574944292,0.7181126726909575,0.5433246697491065,6.15099349091888,2.8038344105848867,True,False,22,1.7371303601889871,False,0.4139769069516595,0.5420860004334923,0.6139795032287068,0.9777777777776387,0.5641594482298895,-1.094350284015894,1.0,0.09030235349018184,0.2401767290170722,4.156463911085187,-0.5345734880638678,1.0,1.827515497803688,2.469510078430176,3.9475588798522945,2.1200433820486064,M14g_multiview_curated60_r3d40,auto→auto (strict LOO),automatic_v5_v8,automatic_v5_v8
Rq_nm,6082,M14i_target_specific_robust,1.863613247871399,2.1203532339742877,2.076476443428143,1.2,0.21286319555674416,3.3787260045875143,0.1476592511828276,0.0,8.089475143505448,6.012998700077304,True,False,22,1.9647178528876577,False,1.4506395880615062,0.9860308708708694,1.0255374083854862,2.594771184276572,1.0461690912647446,0.28265451299845007,0.7537801641275516,0.08236030100724762,0.22185962383229085,7.678178809992343,1.4506395880615062,0.2344203077058943,1.6908759325742722,2.469510078430176,3.9475588798522945,2.2566829472780223,M14g_multiview_curated60_r3d40,auto→auto (strict LOO),automatic_v5_v8,automatic_v5_v8
Rq_nm,6084,M14i_target_specific_robust,1.391980767250061,2.621679118753978,2.6923717398261995,1.2,1.3003909725761384,1.1891139768198578,0.9007183170632072,0.10668066958025246,5.2780628100721465,2.585691070245947,True,False,22,1.9025220772527471,False,0.10512127406594463,0.39548478732952447,0.580438337200404,0.9090909090909091,0.6577313521140219,-1.349752801022737,1.0,0.09037509310808152,0.25979229172392737,4.5988378369776415,-0.28325490591633756,1.0,1.827515497803688,2.469510078430176,3.9475588798522945,2.1200433820486064,M14g_multiview_curated60_r3d40,auto→auto (strict LOO),automatic_v5_v8,automatic_v5_v8
Rq_nm,6085,M14i_target_specific_robust,2.2395859956741333,3.3302769260026133,3.513236376955713,1.2,1.2736503812815796,1.33457803032886,0.7317819442789217,0.6961785990026614,6.330294154908764,2.8170577779530515,True,False,22,1.8203805189603623,False,0.4625046242248892,0.7252440485226641,0.7549637478351237,1.798937092295606,0.7503016816180043,-0.55165184575016,1.0,0.031759295619229334,0.09509915361920918,3.0770133207448396,-1.5953080735848788,1.0,1.6908759325742722,2.469510078430176,3.9475588798522945,2.2566829472780223,M14g_multiview_curated60_r3d40,auto→auto (strict LOO),automatic_v5_v8,automatic_v5_v8
Rq_nm,6090,M14i_target_specific_robust,2.4095938205718994,1.947713072337103,1.8845893757877805,1.2,0.5250044447841189,1.185306162421575,1.0,0.0,4.324955996742854,2.440366620955073,True,False,22,1.9741102365979,False,0.0,1.520980293839245,1.538095075330532,4.0,1.7374859902953244,1.9689664544805805,0.1396010657346585,0.20188255187467002,0.615402300837118,4.269820008817905,-0.46477144056093694,1.0,1.6908759325742722,2.409594774246216,3.9475588798522945,2.2566829472780223,M14g_multiview_curated60_r3d40,auto→auto (strict LOO),automatic_v5_v8,automatic_v5_v8
Rq_nm,6094,M14i_target_specific_robust,4.058265686035156,2.861808597655584,3.0052073069787277,1.2,1.0530583790564285,2.1448839165952815,0.2593841448101251,0.0,7.713389371805775,4.708182064827047,True,False,22,1.8608383572010496,False,1.1607564343933974,0.618158159779438,0.6739278428968691,2.2497861870565496,0.7975590826411094,-0.9394428163512432,1.0,0.1349498884585425,0.36040630179608546,6.836321231576753,0.8472897193946242,0.4285749175824503,1.6908759325742722,2.3496785163879395,3.782098889350891,2.091222956776619,M14g_multiview_curated60_r3d40,auto→auto (strict LOO),automatic_v5_v8,automatic_v5_v8
Rq_nm,6095,M14i_target_specific_robust,9.07418346405029,3.4615917058095267,3.764545664931845,1.2,5.309637799118445,2.19931135954516,0.496271957529086,0.09298399476089392,7.436107335102797,3.6715616701709513,False,False,22,1.9009672117094008,False,0.8784678041880284,0.723588128123839,0.8818614849889176,1.8882209378692947,0.9419363449633334,-0.09634300734240565,1.0,0.34399111284150874,0.9370587883417818,5.42606394132343,0.20189377177363596,0.817181731097594,1.6908759325742722,2.3496785163879395,3.782098889350891,2.091222956776619,M14g_multiview_curated60_r3d40,auto→auto (strict LOO),automatic_v5_v8,automatic_v5_v8
Rq_nm,6099,M14i_target_specific_robust,9.394835472106934,3.0844310508958515,3.2615073524156792,1.2,6.133328119691255,1.9842338098698267,0.36205958917631353,0.0,9.584039390788108,6.3225320383724295,True,False,22,1.649701549375975,False,1.5602050497309814,0.6154994166817899,0.623420906635436,1.3017888055395301,0.7159833202805083,-1.1472599512704087,1.0,0.1989979410173274,0.5356501159105163,6.901320957144146,1.1241784495672096,0.32491929532472225,1.6908759325742722,2.3496785163879395,3.782098889350891,2.091222956776619,M14g_multiview_curated60_r3d40,auto→auto (strict LOO),automatic_v5_v8,automatic_v5_v8
Rq_nm,6101,M14i_target_specific_robust,0.481030598282814,2.190751636505432,2.1533179034647585,1.2,1.6722873051819445,1.2729504866015755,0.7999544849672408,0.0,4.5115095507505885,2.3581916472858295,True,False,22,1.749758452087634,False,0.25538679760417393,1.152040166194876,1.232656320004378,3.1555555555548027,1.1908582212738898,1.3550497778249864,0.2579344547161164,0.42838901149081365,1.1383061249597404,5.56461793151509,0.25538679760417393,0.7746168200773148,1.827515497803688,2.469510078430176,3.9475588798522945,2.1200433820486064,M14g_multiview_curated60_r3d40,auto→auto (strict LOO),automatic_v5_v8,automatic_v5_v8
Rq_nm,6022,M14i_target_specific_robust,1.649340271949768,0.7919553073668057,0.6154405608541051,1.2,1.033899711095663,8.31531143367077,0.004084830757391981,0.0,10.913042978077751,10.297602417223645,True,False,22,,,3.7994880827725255,2.905575296694609,10.034076188814572,52.873362445419495,14.807441088932617,43.08137578785022,1.9498276402167932e-19,0.9020690514768444,2.53732280743811,11.196827941529307,3.7994880827725255,0.02238222677140474,1.827515497803688,2.469510078430176,3.9475588798522945,2.1200433820486064,M14g_multiview_curated60_r3d40,human→auto (strict cross-domain LOO),human,automatic_v5_v8
Rq_nm,6028,M14i_target_specific_robust,5.214306831359862,3.2976510115326625,3.574985082939671,1.2,1.6393217484201914,2.5814004573615987,0.33717433544488384,0.0,8.193552807807514,4.618567724867842,True,False,22,,,0.5859282304553511,1.1661367709654862,1.2274217485915402,4.126490182795732,2.1113801014310254,1.2773466989088906,0.2787759966842448,0.03731611760519938,0.11994481891733888,3.645765828005363,-1.6804470977325399,1.0,1.6908759325742722,2.3496785163879395,3.782098889350891,2.091222956776619,M14g_multiview_curated60_r3d40,human→auto (strict cross-domain LOO),human,automatic_v5_v8
Rq_nm,6029,M14i_target_specific_robust,2.2897632122039795,0.3585825173427101,0.2692340935554597,1.2,2.0205291186485197,1.2705737248261155,1.0,0.0,3.0203745268103104,2.7511404332548506,True,False,22,,,0.0,6.114448924227104,12.532610276276436,62.023529411771506,18.917557200738635,62.07559885202161,1.0987780061763272e-27,1.077875369014087,2.9041229247938984,4.748693262263154,-0.7738461649477473,1.0,1.6908759325742722,2.469510078430176,3.9475588798522945,2.2566829472780223,M14g_multiview_curated60_r3d40,human→auto (strict cross-domain LOO),human,automatic_v5_v8
Rq_nm,6033,M14i_target_specific_robust,2.0502288341522217,2.439052426408867,2.518866445637505,1.2,0.4686376114852835,1.3348713021674354,0.9684004523934362,0.26099150189738474,4.776741389377626,2.2578749437401204,True,False,22,,,0.02187120138735586,1.417187083189471,1.803313733151669,5.497556055551265,3.4072190886508196,3.4728417702903336,0.03102872873412581,0.12267043919980605,0.3675158437075783,4.638514597195473,-0.6873177720940006,1.0,1.6908759325742722,2.469510078430176,3.9475588798522945,2.2566829472780223,M14g_multiview_curated60_r3d40,human→auto (strict cross-domain LOO),human,automatic_v5_v8
Rq_nm,6047,M14i_target_specific_robust,3.348536252975464,2.4669410717667053,2.5340056960612363,1.2,0.8145305569142276,1.4731293541530592,0.8813145090300697,0.0,5.339760139811126,2.8057544437498905,True,False,22,,,0.08168058339592167,0.5217054711375929,0.6252262487229633,0.8751632734202457,0.9214610554167454,-1.265579501777411,1.0,0.010881254382612069,0.028854807385008452,3.6396042113281215,-1.9407423947843945,1.0,1.6908759325742722,2.3496785163879395,3.9475588798522945,2.2566829472780223,M14g_multiview_curated60_r3d40,human→auto (strict cross-domain LOO),human,automatic_v5_v8
Rq_nm,6048,M14i_target_specific_robust,1.8154829144477844,3.2731722895518973,3.552465316302972,1.2,1.7369824018551876,2.3502062715688083,0.3826562306308321,0.0,7.911135553003411,4.358670236700439,True,False,22,,,1.1897446422479716,1.0820851365694757,1.115516166272491,3.6760826779939415,1.639946145568609,0.9342903658951144,0.3928645567234876,0.11509481311808625,0.3437301593368096,6.493170201471837,0.7072840972655767,0.49298127013901577,1.7029085159301758,2.469510078430176,3.9475588798522945,2.2446503639221187,M14g_multiview_curated60_r3d40,human→auto (strict cross-domain LOO),human,automatic_v5_v8
Rq_nm,6056,M14i_target_specific_robust,2.529426336288452,2.8921284197089494,3.045594935099007,1.2,0.5161685988105549,1.9066276894813248,0.6177073605240139,0.0,6.114313473462294,3.068718538363288,True,False,22,,,0.3083802354914197,1.0677657128188807,1.111185013938058,3.0912834558244344,1.5676420492238705,0.776441771827326,0.46004002987059617,0.17531480050605214,0.5055179965884177,3.47418495461481,-1.857457439972318,1.0,1.6908759325742722,2.3496785163879395,3.9475588798522945,2.2566829472780223,M14g_multiview_curated60_r3d40,human→auto (strict cross-domain LOO),human,automatic_v5_v8
Rq_nm,6057,M14i_target_specific_robust,3.9545385837554927,2.736587456196845,2.8824224154168356,1.2,1.072116168338657,1.7729593309551126,0.7692512419583153,0.6608206736940727,5.104024157139598,2.221601741722763,True,False,22,,,0.25475231959487477,0.932403374371631,1.0139983679836064,1.875710246411428,1.4048713161970636,0.1401786168370759,0.8692029672476789,0.15325365296981472,0.44131999867031,3.1458766325463885,-3.2459684048169524,1.0,1.6908759325742722,2.3496785163879395,3.782098889350891,2.091222956776619,M14g_multiview_curated60_r3d40,human→auto (strict cross-domain LOO),human,automatic_v5_v8
Rq_nm,6062,M14i_target_specific_robust,3.0923656225204468,2.7443354168590077,2.828690087265342,1.2,0.2636755352551048,1.5247627490692943,0.7159596404906539,0.0,6.524115416782632,3.695425329517289,True,False,22,,,0.2122635665126017,0.9379290244536276,0.9913416059894885,2.802358341959585,1.6174280494762991,0.04024359377065074,0.9605554253333501,0.13440280993104126,0.3734181943896421,3.773005807473371,-1.0787413332197482,1.0,1.6908759325742722,2.3496785163879395,3.9475588798522945,2.2566829472780223,M14g_multiview_curated60_r3d40,human→auto (strict cross-domain LOO),human,automatic_v5_v8
Rq_nm,6063,M14i_target_specific_robust,5.24570107460022,1.8742452516639287,1.8582000604717617,1.2,3.387501014128458,0.8965763326457246,1.0,0.47062095156771844,3.2457791693758047,1.3875791089040432,False,False,22,,,0.0,2.6664714591509915,2.89552293468167,8.883491907864183,5.15396272064431,8.21701739195213,0.0002700192265782433,0.3877723118752629,1.032263977796353,5.547473829475604,-0.10774413806470833,1.0,1.6908759325742722,2.3496785163879395,3.782098889350891,2.091222956776619,M14g_multiview_curated60_r3d40,human→auto (strict cross-domain LOO),human,automatic_v5_v8
Rq_nm,6070,M14i_target_specific_robust,2.544952154159546,2.5371335563658337,2.6301753058318513,1.2,0.08522315167230543,1.5393072596606787,0.838139610719049,0.0,6.033026583664781,3.4028512778329296,True,False,22,,,0.12429605575840548,0.983825157479593,1.047072162978027,1.782227165812584,1.5496486555976081,0.34361065122011847,0.7092050024037885,0.12131275678409854,0.37282620296462,4.80388151850419,-0.5464537955979023,1.0,1.6908759325742722,2.3496785163879395,3.9475588798522945,2.2566829472780223,M14g_multiview_curated60_r3d40,human→auto (strict cross-domain LOO),human,automatic_v5_v8
Rq_nm,6072,M14i_target_specific_robust,1.470114827156067,2.103373098967891,2.121159949966886,1.2,0.6510451228108192,3.0478121631342985,0.2738125347994893,0.0,7.4773833521570365,5.3562234021901505,True,False,22,,,1.0297088834260801,1.0423271652357682,1.1469254713734693,2.980037528412131,2.0119124331445017,0.7350029199705967,0.4795040588350971,0.034711427375804245,0.10990842896991349,6.547533977946212,1.0297088834260801,0.3571109063418083,1.827515497803688,2.469510078430176,3.9475588798522945,2.1200433820486064,M14g_multiview_curated60_r3d40,human→auto (strict cross-domain LOO),human,automatic_v5_v8
Rq_nm,6078,M14i_target_specific_robust,1.5030123591423035,3.2846977986784953,3.512731494607247,1.2,2.0097191354649437,1.775821390733505,0.5777723903438321,0.20738556551967324,6.818077423694821,3.305345929087574,True,False,22,,,0.4920755042139762,1.3344877477911157,1.3537236585448749,4.645161290322015,2.2836031663248915,1.9323109048254836,0.14481316207905873,0.0357960470110784,0.10622529480533704,4.685159029791627,-1.3161434230979903,1.0,1.827515497803688,2.469510078430176,3.9475588798522945,2.1200433820486064,M14g_multiview_curated60_r3d40,human→auto (strict cross-domain LOO),human,automatic_v5_v8
Rq_nm,6080,M14i_target_specific_robust,3.9266197681427,2.0134656408286005,1.9832515453415003,1.2,1.9433682228012,1.6238377775642379,0.6993354488523471,0.0,4.9110060004872365,2.927754455145736,True,False,22,,,0.3041554762652084,1.10483256528914,1.1869019005366124,3.534365110635393,2.3654541529300452,0.8317406877874386,0.43529092088432875,0.20344920932965635,0.564385546316215,5.988342790638872,0.3041554762652084,0.7377461555164769,1.6908759325742722,2.3496785163879395,3.8030380010604854,2.1121620684862132,M14g_multiview_curated60_r3d40,human→auto (strict cross-domain LOO),human,automatic_v5_v8
Rq_nm,6081,M14i_target_specific_robust,0.9417254328727722,3.2835370435739644,3.462296502189058,1.2,2.520571069316286,2.3993105961050025,0.37010940988136276,0.37549065595640263,6.549102348421714,3.0868058462326555,True,False,22,,,0.8933019556285884,0.6486622722598764,0.7083815450389991,1.2000000000000661,1.0466729052618389,-1.1329066577151095,1.0,0.13499737636997347,0.36621427507949633,6.029455793645329,0.42501605536576037,0.6537592887010861,1.827515497803688,2.469510078430176,3.9475588798522945,2.1200433820486064,M14g_multiview_curated60_r3d40,human→auto (strict cross-domain LOO),human,automatic_v5_v8
Rq_nm,6082,M14i_target_specific_robust,1.863613247871399,2.11832043540851,2.1240414190833787,1.2,0.2604281712119798,2.2272392195870623,0.5043791549817815,0.0,6.430810435434053,4.306769016350675,True,False,22,,,0.6324226738721915,1.1285508239368038,1.2684144158882342,4.292888279698759,2.3096455451242175,1.2952335491449862,0.27383390318874323,0.05112269501702944,0.15452101455042744,6.393012772903728,0.6324226738721915,0.5313030664881138,1.6908759325742722,2.469510078430176,3.9475588798522945,2.2566829472780223,M14g_multiview_curated60_r3d40,human→auto (strict cross-domain LOO),human,automatic_v5_v8
Rq_nm,6084,M14i_target_specific_robust,1.391980767250061,2.425185732913486,2.456832556086446,1.2,1.064851788836385,1.2914029496253248,1.0,0.5793191264103632,4.334345985762529,1.877513429676083,True,False,22,,,0.0,0.47062754522427147,0.5575296628030436,0.764227642276115,1.0066088580112629,-1.5457235070246442,1.0,0.02799470856713569,0.08766950657060757,5.45039075949427,-0.08508384276274024,1.0,1.827515497803688,2.469510078430176,3.9475588798522945,2.1200433820486064,M14g_multiview_curated60_r3d40,human→auto (strict cross-domain LOO),human,automatic_v5_v8
Rq_nm,6085,M14i_target_specific_robust,2.2395859956741333,2.8719494441499793,3.0222195077248624,1.2,0.7826335120507291,1.73867736677184,0.6739244703152372,0.9243478518950585,5.120091163554666,2.097871655829804,True,False,22,,,0.24492117067723515,0.6768596808851173,0.7747757185639395,1.4171782401249953,1.2842989461091951,-0.7383947316392313,1.0,0.028507894869565824,0.0877002562502116,3.182372595959135,-2.105444832996079,1.0,1.6908759325742722,2.469510078430176,3.9475588798522945,2.2566829472780223,M14g_multiview_curated60_r3d40,human→auto (strict cross-domain LOO),human,automatic_v5_v8
Rq_nm,6090,M14i_target_specific_robust,2.4095938205718994,3.9616449441347386,4.218591008399517,1.2,1.8089971878276172,2.6761756309009024,0.20124449305999387,0.2136242732999012,8.223557743499132,4.004966735099615,True,False,22,,,0.8016173633674528,0.9204956694619235,1.2408684945097208,4.533333333332618,2.489797121083584,1.076942484954973,0.3406354330299377,0.03610645618806779,0.1058631656286324,4.636773715589373,-0.7076598060810817,1.0,1.6908759325742722,2.409594774246216,3.9475588798522945,2.2566829472780223,M14g_multiview_curated60_r3d40,human→auto (strict cross-domain LOO),human,automatic_v5_v8
Rq_nm,6094,M14i_target_specific_robust,4.058265686035156,2.837983441569926,3.1259056302020136,1.2,0.9323600558331426,3.363352873329229,0.18589860264463565,0.0,8.59989584160994,5.4739902114079255,True,False,22,,,1.5277575943169155,0.619045049674984,0.7524725085797469,1.786511413379339,1.1525651258559924,-1.0844387586500803,1.0,0.17611852084198923,0.48427268570380255,6.936748497230195,1.1565742581266225,0.3145619452125645,1.6908759325742722,2.3496785163879395,3.782098889350891,2.091222956776619,M14g_multiview_curated60_r3d40,human→auto (strict cross-domain LOO),human,automatic_v5_v8
Rq_nm,6095,M14i_target_specific_robust,9.07418346405029,3.922476241423344,4.258474535189478,1.2,4.815708928860811,3.7842584515212283,0.16113208323926811,0.8717053001610919,7.645243770217864,3.3867692350283862,False,False,22,,,0.9127654287727069,0.9522210713590747,0.9918035629074761,2.683285681970101,1.6602824590074565,-0.10653890396849239,1.0,0.07145995771836629,0.20908809899190373,5.660495893135038,-0.006570843046177183,1.0,1.6908759325742722,2.3496785163879395,3.782098889350891,2.091222956776619,M14g_multiview_curated60_r3d40,human→auto (strict cross-domain LOO),human,automatic_v5_v8
Rq_nm,6099,M14i_target_specific_robust,9.394835472106934,2.740008857168027,2.8370409155621514,1.2,6.557794556544782,5.767402306520994,0.006664506052756852,0.0,11.237881084843135,8.400840169280984,True,False,22,,,3.5956927881413865,0.5735575966781259,0.7546308040140647,1.2032520325198046,1.2909428725725356,-1.1312950377473976,1.0,0.1402162031042786,0.39081637237662314,8.813111412938646,3.3626414066065236,0.034643630070114784,1.6908759325742722,2.3496785163879395,3.782098889350891,2.091222956776619,M14g_multiview_curated60_r3d40,human→auto (strict cross-domain LOO),human,automatic_v5_v8
Rq_nm,6101,M14i_target_specific_robust,0.481030598282814,2.250227137066236,2.211289295687668,1.2,1.730258697404854,1.2992336411366663,1.0,0.0,5.480000563394313,3.268711267706645,True,False,22,,,0.0,1.0697964706295742,1.1331124719959833,2.2962962962954006,3.7604732735184188,0.9358502674324962,0.39225220442628606,0.10486302527005878,0.3042474966059644,4.4806367084585,-0.7351730929066087,1.0,1.827515497803688,2.469510078430176,3.9475588798522945,2.1200433820486064,M14g_multiview_curated60_r3d40,human→auto (strict cross-domain LOO),human,automatic_v5_v8
FSMI_nm,6022,M14i_target_specific_robust,1.2832086750870029,2.9231878628485006,2.683179682948819,1.2,1.399971007861816,3.808792795908612,0.0181319546564088,0.0,11.107751432876691,8.424571749927873,True,False,22,2.1026153638095164,False,3.0049533116773413,1.4277915150252305,1.4346711497503188,3.4061135371181748,1.770139515599866,2.2109426742108544,0.1095972852698291,0.1972904147717545,0.5832798028361061,9.673312301039708,2.7265721035776953,0.0654432382548339,1.5771773991807765,2.1534299052563015,3.4801426938169517,1.9029652946361757,M14b_rheed_density_weighted,human→human (frozen strict LOO),human,human
FSMI_nm,6028,M14i_target_specific_robust,4.415429811910861,3.4496566668588513,3.5878667814104315,1.2,0.8275630305004293,2.072726717779564,0.2742835239978592,0.0,8.781022605758414,5.193155824347983,True,False,22,1.6952192458855535,True,0.8381157230491046,1.3892959248704395,1.4283284630357578,5.133824415794975,2.5146448536868973,2.244632180691996,0.1059665097345464,0.2035302761363634,0.5857150742705156,3.972913489764421,-1.4289057737881017,1.0,1.462612293167982,2.021649596849332,3.3313484849472355,1.868736191779253,M14b_rheed_density_weighted,human→human (frozen strict LOO),human,human
FSMI_nm,6029,M14i_target_specific_robust,2.0210013039871706,1.3924154464800076,1.215359460148032,1.2,0.8056418438391386,0.9167332214712374,1.0,0.0,3.870417523433171,2.655058063285139,True,False,22,1.6834130655191684,False,0.0,1.6849710160778784,1.960534344311144,7.899998399803669,3.7922956507512,5.408792236674996,0.004477044157085,0.185920607646367,0.5452603751913578,4.963080815048979,-0.5844087861149129,1.0,1.462612293167982,2.1534299052563015,3.4801426938169517,2.01753040064897,M14b_rheed_density_weighted,human→human (frozen strict LOO),human,human
FSMI_nm,6033,M14i_target_specific_robust,1.8207478300807216,3.2225002791755157,3.2408215221680017,1.2,1.42007369208728,1.722520602123478,0.4665527261250905,0.0,6.868743752363773,3.627922230195771,True,False,22,1.7665249088401296,False,0.5389716142874099,0.9123982500956862,0.9649114167648808,2.8502110613989142,1.827423610068692,0.0178997079658453,0.982259540225798,0.2091734595995723,0.5911995038262613,5.36714786668998,-0.0806949788556872,1.0,1.462612293167982,2.1534299052563015,3.4801426938169517,2.01753040064897,M14b_rheed_density_weighted,human→human (frozen strict LOO),human,human
FSMI_nm,6047,M14i_target_specific_robust,2.946053864791246,2.769604207431391,2.8372473955678306,1.2,0.1088064692234156,1.518769466493687,0.4968176279122397,0.0,6.538037233024365,3.7007898374565342,True,False,22,1.6786152983316618,True,0.5126526109043539,0.9190394611569476,0.9882415529208148,2.509565949082446,1.5503914652461883,-0.0083066302761168,1.0,0.1830259582387992,0.5149368648645969,5.6052520646470825,0.1083970921492715,0.8972712263194923,1.462612293167982,2.021649596849332,3.4801426938169517,2.01753040064897,M14b_rheed_density_weighted,human→human (frozen strict LOO),human,human
FSMI_nm,6048,M14i_target_specific_robust,1.599313301289055,1.7864719704015355,1.6851546951856555,1.2,0.0858413938966005,0.9786031309201464,1.0,0.0,3.902951697855749,2.2177970026700935,True,False,22,1.7394510782315502,False,0.0,1.256130492265073,1.3202566310123431,4.618779341970763,2.1504456253429267,1.9738041701340765,0.1389273464188974,0.233662857699511,0.6722611317976882,5.1480830730740195,-0.4004189992745843,1.0,1.462612293167982,2.1534299052563015,3.4801426938169517,2.01753040064897,M14b_rheed_density_weighted,human→human (frozen strict LOO),human,human
FSMI_nm,6056,M14i_target_specific_robust,2.284561920801109,2.42023858216337,2.40902631448784,1.2,0.1244643936867309,1.2248629888417513,0.7885821237820728,0.0,5.455983896454571,3.0469575819667303,True,False,22,1.7696839466096008,False,0.1920053930854782,0.9534960664176152,1.0867607870520188,2.7094198350911043,1.445949647049424,0.6563977498659392,0.5187165196955683,0.0419248705146964,0.1330679503140808,3.7907459705944775,-1.590016412241401,1.0,1.462612293167982,2.021649596849332,3.4801426938169517,2.01753040064897,M14b_rheed_density_weighted,human→human (frozen strict LOO),human,human
FSMI_nm,6057,M14i_target_specific_robust,3.4970517461895976,3.370973151718498,3.5616075073620275,1.2,0.0645557611724298,1.4877584556591557,0.4686700336157586,0.1283546646414302,6.994860350082625,3.4332528427205973,True,False,22,1.682326519504663,True,0.8240638337755298,0.9876133502031076,1.0095810759503905,2.1728547449218625,1.4782339760582663,0.1223264972290443,0.8848594171864868,0.2661992152616204,0.753639450431363,3.827223669402734,-2.3838787113306705,1.0,1.462612293167982,2.021649596849332,3.3313484849472355,1.868736191779253,M14b_rheed_density_weighted,human→human (frozen strict LOO),human,human
FSMI_nm,6062,M14i_target_specific_robust,2.9196668297119017,2.2871218992530618,2.2199545369151754,1.2,0.6997122927967263,0.8899014066449483,0.8839460469052444,0.0,5.494719044248811,3.274764507333635,True,False,22,1.6274909184364597,True,0.0982909303384253,1.0681210244562322,1.180005073443779,3.1121051160190056,2.0284500353427215,0.7490737394839023,0.4728042899259826,0.2072991682509553,0.5950861063812842,4.788684175416461,-0.5275482156655512,1.0,1.462612293167982,2.021649596849332,3.4801426938169517,2.01753040064897,M14b_rheed_density_weighted,human→human (frozen strict LOO),human,human
FSMI_nm,6063,M14i_target_specific_robust,4.4421744453751355,1.2025685666909474,1.0558920685507172,1.2,3.3862823768244183,0.7105133126450776,0.736928441552418,0.0,2.634624695984362,1.5787326274336453,False,False,22,1.345371185770977,True,0.3012757813619646,2.789944881106354,2.8320193881403406,8.375553395840946,5.035528390580862,7.941338674256478,0.0003557299528918,0.2920519557271128,0.7934530047366442,6.146427448047631,0.3012757813619646,0.7398737012314335,1.462612293167982,2.021649596849332,3.3313484849472355,1.868736191779253,M14b_rheed_density_weighted,human→human (frozen strict LOO),human,human
FSMI_nm,6070,M14i_target_specific_robust,2.307992993047587,2.2549491611964565,2.1900908470805343,1.2,0.1179021459670526,0.8625752535077069,0.9025535261115528,0.0,5.581257044590039,3.391166197509505,True,False,22,1.6730198661908815,True,0.0834888288062575,1.3159531454921551,1.516811339097849,3.866666666666509,2.439560998278796,2.848862891603648,0.0579101335487671,0.234115939580763,0.6522239886302381,5.184920701176423,-0.3292929446156009,1.0,1.462612293167982,2.021649596849332,3.4801426938169517,2.01753040064897,M14b_rheed_density_weighted,human→human (frozen strict LOO),human,human
FSMI_nm,6072,M14i_target_specific_robust,1.4268834691757484,1.8068767172340487,1.698597646062869,1.2,0.2717141768871205,1.4548737656154025,0.521225850349327,0.0,5.668900884546256,3.9703032384833863,True,False,22,1.703677578016379,True,0.5288526558413371,0.9078384626064412,0.975345178718132,2.1562745148748856,1.7513740708882677,-0.0271285659232163,1.0,0.0737952408119277,0.2074235241243389,5.963413859149202,0.5288526558413371,0.5892806897196703,1.5771773991807765,2.1534299052563015,3.4801426938169517,1.9029652946361757,M14b_rheed_density_weighted,human→human (frozen strict LOO),human,human
FSMI_nm,6078,M14i_target_specific_robust,1.3924063210314297,2.4685790839764734,2.4147129459439243,1.2,1.0223066249124948,0.934360103756108,0.8591183272907136,0.0,4.896460894419659,2.4817479484757343,True,False,22,1.6270887233703395,True,0.1373031034376152,0.668331224024758,0.743634410138375,0.9724770642201428,1.172346429019086,-1.2517934989086172,1.0,0.0352988225564698,0.1065937294377455,3.439285785340225,-2.943447371030948,1.0,1.5771773991807765,2.1534299052563015,3.4801426938169517,1.9029652946361757,M14b_rheed_density_weighted,human→human (frozen strict LOO),human,human
FSMI_nm,6080,M14i_target_specific_robust,3.486930250089525,2.0018888195223195,1.9185625692939856,1.2,1.5683676807955391,1.326852007938537,0.570662007600955,0.0,5.3917596652271715,3.4731970959331857,True,False,22,1.6068815339017264,True,0.4504926120810617,0.7828659864661281,0.8375983722141789,1.3394495412840617,1.345246813284534,-0.494537699212313,1.0,0.0464009797334031,0.1401238347662672,6.188183961022555,0.4504926120810617,0.6373141256439049,1.462612293167982,2.021649596849332,3.3313484849472355,1.868736191779253,M14b_rheed_density_weighted,human→human (frozen strict LOO),human,human
FSMI_nm,6081,M14i_target_specific_robust,0.8928726233487373,1.745969364294854,1.62098821530939,1.2,0.7281155919606527,0.6789870990381934,1.0,0.0,3.646604753186607,2.025616537877217,True,False,22,1.6524347043880527,True,0.0,0.6699731525875137,0.9669459648652696,3.4316375059254143,1.8526331669295049,-0.0473515205941294,1.0,0.1808461699085854,0.484986916124859,4.425341901940658,-0.9552381601642492,1.0,1.5771773991807765,2.1534299052563015,3.4801426938169517,1.9029652946361757,M14b_rheed_density_weighted,human→human (frozen strict LOO),human,human
FSMI_nm,6082,M14i_target_specific_robust,1.5697987651446832,2.2043137563116466,2.1604376593422017,1.2,0.5906388941975185,1.1708060038826522,0.7535189130710256,0.0,5.372354679667823,3.2119170203256213,True,False,22,1.7165811319657776,False,0.2312554710350859,0.9645516510212904,0.9951802778817548,2.257679505995431,1.6963171316944552,0.1431461911639637,0.8666273663709073,0.0893357772686489,0.2710567535462319,5.874906291212793,0.2277692894430819,0.7963079552962427,1.469990927204075,2.1534299052563015,3.4801426938169517,2.0101517666128768,M14b_rheed_density_weighted,human→human (frozen strict LOO),human,human
FSMI_nm,6084,M14i_target_specific_robust,1.3458682689199004,1.8023803616133864,1.7028113915078764,1.2,0.356943122587976,0.9334580598736008,1.0,0.0,3.716844232085529,2.0140328405776526,True,False,22,1.7014487396108655,True,0.0,0.6111868481336836,0.8241908883350287,2.721735425997602,1.5029239272225778,-0.481686167808762,1.0,0.1265702560744581,0.3528845945797568,5.102010100773133,-0.3672394113231988,1.0,1.5771773991807765,2.1534299052563015,3.4801426938169517,1.9029652946361757,M14b_rheed_density_weighted,human→human (frozen strict LOO),human,human
FSMI_nm,6085,M14i_target_specific_robust,1.86691079236755,2.930919583973416,2.9626587934624324,1.2,1.0957480010948824,1.5359869308361664,0.4561879839165074,0.0,6.209725616047958,3.2470668225855257,True,False,22,1.621998866788371,True,0.797853187694559,0.7608374027216313,0.7950366422056891,1.7182105218609411,1.0329788607590067,-0.6570368820896003,1.0,0.033690536271967,0.0928506403396245,5.893259345858638,0.39675445433925,0.6724991346052923,1.462612293167982,2.1534299052563015,3.4801426938169517,2.01753040064897,M14b_rheed_density_weighted,human→human (frozen strict LOO),human,human
FSMI_nm,6090,M14i_target_specific_robust,2.022297889711494,4.732790334973722,5.014976324726058,1.2,2.9926784350145645,2.7422193153240872,0.1182881302158422,0.1817343647343454,9.84821828471777,4.833241959991713,True,False,22,1.472297580023624,False,1.4186624952026743,0.918430537318236,1.1083626990743956,5.5781393563572435,2.309046043117737,0.5642438646331475,0.5687900664838847,0.0509870844401288,0.1609221627396728,4.7691797790065875,-0.6202536890122637,1.0,1.462612293167982,2.15278161239414,3.4801426938169517,2.01753040064897,M14b_rheed_density_weighted,human→human (frozen strict LOO),human,human
FSMI_nm,6094,M14i_target_specific_robust,3.459780024999232,2.333231566315551,2.3750874670936435,1.2,1.0846925579055884,2.0572446888153,0.1987374867313508,0.0,7.563471457592371,5.1883839904987274,True,False,22,1.5985664837317883,False,1.4346989392410905,0.8253430228985845,0.8798189276169041,1.9594030505603268,1.2755242608620796,-0.4622298971980687,1.0,0.079927665769314,0.2299663657325671,7.044864889570191,1.2476055702193012,0.2871916344421321,1.462612293167982,2.021649596849332,3.3517111537649553,1.8890988605969732,M14b_rheed_density_weighted,human→human (frozen strict LOO),human,human
FSMI_nm,6095,M14i_target_specific_robust,7.857275141594466,3.1249602930255453,3.203298808735409,1.2,4.653976332859058,2.0490054478063775,0.320129679997395,0.3939554591035361,6.0126421583672816,2.809343349631873,False,False,22,1.568687962050853,True,0.6323253207618407,0.9065762240762578,0.9246964916532776,3.0699788813309867,1.6509470376843822,-0.3182589212770914,1.0,0.0038604397650238,0.0123740623302837,5.203209037118836,-0.2686465364465306,1.0,1.462612293167982,2.021649596849332,3.3313484849472355,1.868736191779253,M14b_rheed_density_weighted,human→human (frozen strict LOO),human,human
FSMI_nm,6099,M14i_target_specific_robust,8.69575314178455,2.1626437986665024,2.1294990496458066,1.2,6.566254092138744,2.0954349438518705,0.1332079112906052,0.0,5.24320143287855,3.1137023832327437,False,False,22,1.3353395257470462,False,1.5869767044349918,0.6379942856664902,0.7278280345507137,0.951681109185442,1.0551117640396086,-1.2832704743009131,1.0,0.1309664873398822,0.3594990950817749,7.009338592706342,1.5292641962324354,0.2166950537071928,1.462612293167982,2.021649596849332,3.3313484849472355,1.868736191779253,M14b_rheed_density_weighted,human→human (frozen strict LOO),human,human
FSMI_nm,6101,M14i_target_specific_robust,0.3286650711030523,1.109120125135828,1.001941246303306,1.2,0.6732761752002536,0.7641850349901612,1.0,0.0,4.018160533484025,3.016219287180719,True,False,22,1.6189850158493269,False,0.0,11.193902536367013,11.564851400784462,46.60262008734036,43.72953941026902,55.29166230042766,9.708143063570135e-25,0.725055698482341,2.216322237138046,4.832375136832425,-0.5369135919172634,1.0,1.5771773991807765,2.1534299052563015,3.4801426938169517,1.9029652946361757,M14b_rheed_density_weighted,human→human (frozen strict LOO),human,human
FSMI_nm,6022,M14i_target_specific_robust,1.2832086750870029,2.032123823138824,1.9715001233403338,0.8511397681971956,0.6882914482533309,7.439863678850308,0.010414899584546009,0.0,14.867237262778946,12.895737139438612,True,False,22,8.056086594562313,False,4.126559609285359,6.734938684720732,15.199286115793731,75.92499999999727,9.61806548868792,49.284624016502484,3.9442074307720825e-22,0.2379533807005707,0.63997173430809,12.093930434554943,4.126559609285359,0.016138305499596314,1.5771773991807763,2.1534299052563015,3.4801426938169517,1.9029652946361755,M14b_rheed_density_weighted,auto→auto (strict LOO),automatic_v5_v8,automatic_v5_v8
FSMI_nm,6028,M14i_target_specific_robust,4.415429811910861,2.3167235170374734,2.367661613188419,1.2,2.0477681987224416,1.2637371015702472,0.8775054785281665,0.0,5.576883899368012,3.209222286179592,True,False,22,2.0448822191338194,False,0.18515829995760047,1.031085773555806,1.084403838149876,3.025496454244702,1.08853180153272,0.5119658511795195,0.5993162534392482,0.111739517523077,0.31484971480446455,3.8271023204082497,-0.836398731377099,1.0,1.4626122931679821,2.021649596849332,3.3313484849472355,1.8687361917792533,M14b_rheed_density_weighted,auto→auto (strict LOO),automatic_v5_v8,automatic_v5_v8
FSMI_nm,6029,M14i_target_specific_robust,2.0210013039871706,1.694404186541173,1.5036817281834929,1.1931131089340679,0.5173195758036777,1.4207109793078492,1.0,0.0,4.585457959454592,3.081776231271099,True,False,22,3.8980574428506443,False,0.0,6.841900517099378,19.207630885833723,99.09999999999629,16.60528952407917,67.31110361818075,5.8500439359865804e-30,0.07226217364680729,0.20704720286884948,4.102096060545123,-0.5283989080857896,1.0,1.4626122931679821,2.1534299052563015,3.4801426938169517,2.01753040064897,M14b_rheed_density_weighted,auto→auto (strict LOO),automatic_v5_v8,automatic_v5_v8
FSMI_nm,6033,M14i_target_specific_robust,1.8207478300807216,2.3156642182238163,2.389229977578225,1.2,0.5684821474975033,1.4007998208875576,0.8505255385412058,0.0,5.820981881368516,3.431751903790291,True,False,22,2.10854538588378,False,0.11687559813030556,1.151735783274137,1.1907045108350445,3.333089122337381,1.2652550764061388,1.3147556259444575,0.2685399394155346,0.12094921787975134,0.384768159845028,3.505250508371155,-0.894732633347827,1.0,1.4626122931679821,2.1534299052563015,3.4801426938169517,2.01753040064897,M14b_rheed_density_weighted,auto→auto (strict LOO),automatic_v5_v8,automatic_v5_v8
FSMI_nm,6047,M14i_target_specific_robust,2.946053864791246,2.214155771748711,2.2747679226435618,1.2,0.6712859421476844,1.3676448393594127,0.8932162371529768,0.0,5.5697356037904875,3.2949676811469257,True,False,22,2.121793203650833,False,0.1254594853751944,0.3750191364778354,0.5116332152915573,0.7563117673056778,0.518482228880919,-1.3877245444563509,1.0,0.012754391018262395,0.039297565368671905,3.738477467430234,-0.8285591755933692,1.0,1.4626122931679821,2.021649596849332,3.4801426938169517,2.01753040064897,M14b_rheed_density_weighted,auto→auto (strict LOO),automatic_v5_v8,automatic_v5_v8
FSMI_nm,6048,M14i_target_specific_robust,1.599313301289055,2.3063526359971442,2.328054925199939,1.2,0.7287416239108842,3.185494785457158,0.22774066525288433,0.0,8.80631779033912,6.478262865139181,True,False,22,2.1402722450907987,False,1.6500602017334853,0.7315504223412749,0.8477002831585386,2.1818181818181817,0.831676174822106,-0.18484205701792888,1.0,0.11374662320590762,0.33676124851569733,7.848047865870079,1.5635063535795903,0.209400550087426,1.4626122931679821,2.1534299052563015,3.4801426938169517,2.01753040064897,M14b_rheed_density_weighted,auto→auto (strict LOO),automatic_v5_v8,automatic_v5_v8
FSMI_nm,6056,M14i_target_specific_robust,2.284561920801109,3.0811426924652143,3.3514485750799405,1.2,1.0668866542788313,2.014015774331411,0.590345642312943,0.0,8.274216483523752,4.922767908443812,True,False,22,2.2028108059863962,False,0.6591221514198041,0.7885121953961123,0.8247475856732253,1.3454644075538496,0.8925009679844146,-0.5499834380685454,1.0,0.18278421990882016,0.49802982080845104,3.5260856151043782,-1.0069969852649652,1.0,1.4626122931679821,2.021649596849332,3.4801426938169517,2.01753040064897,M14b_rheed_density_weighted,auto→auto (strict LOO),automatic_v5_v8,automatic_v5_v8
FSMI_nm,6057,M14i_target_specific_robust,3.4970517461895976,2.017029520697395,1.9699687123488034,1.2,1.5270830338407941,1.2971013363425667,1.0,0.0,4.909957700728347,2.939988988379543,True,False,22,2.1335080153894443,False,0.0,1.0060054413349448,1.0179379508532518,2.0,0.9226419342088058,0.24687357730054565,0.7812394536891377,0.3879228688115926,1.0893874498545841,5.129005842115786,-0.06647114850914923,1.0,1.4626122931679821,2.021649596849332,3.3313484849472355,1.8687361917792533,M14b_rheed_density_weighted,auto→auto (strict LOO),automatic_v5_v8,automatic_v5_v8
FSMI_nm,6062,M14i_target_specific_robust,2.9196668297119017,1.8227783275391067,1.7901443327853808,1.2,1.129522496926521,1.1677258035676095,1.0,0.0,4.253379952190773,2.463235619405392,True,False,22,2.081027799967975,False,0.0,0.8834564129246809,0.9428399381028347,2.363580246913582,1.1004976959859993,0.2512986674229614,0.7777900363194482,0.2551857298426278,0.7278590627945386,3.804745265622191,-0.7957715230947807,1.0,1.4626122931679821,2.021649596849332,3.4801426938169517,2.01753040064897,M14b_rheed_density_weighted,auto→auto (strict LOO),automatic_v5_v8,automatic_v5_v8
FSMI_nm,6063,M14i_target_specific_robust,4.4421744453751355,1.592419554404256,1.5119335529840163,1.2,2.930240892391119,1.0291728907477244,0.9775710356238196,0.0,3.0330448377206882,1.521111284736672,False,False,22,1.843414115800385,False,0.03405296693600383,1.3466690262145984,1.608932844583963,5.1930069346172685,2.0349448407552706,2.6207215600875187,0.07275035013517202,0.4276589465583209,1.1400675763700723,5.08549313892366,0.03405296693600383,0.9665203096623098,1.4626122931679821,2.021649596849332,3.3313484849472355,1.8687361917792533,M14b_rheed_density_weighted,auto→auto (strict LOO),automatic_v5_v8,automatic_v5_v8
FSMI_nm,6070,M14i_target_specific_robust,2.307992993047587,2.6106407990986193,2.7602854141351583,1.2,0.4522924210875714,1.5369573177442937,0.8055130119341554,0.0,6.158945465845099,3.3986600517099403,True,False,22,2.179434360343299,False,0.3661088908738289,0.7720792585169952,0.8253862115425133,1.5302583499409776,0.8143054837166429,-0.36374163380050983,1.0,0.27101104998704945,0.7226272417113522,5.0127146571234285,-0.02646928093907159,1.0,1.4626122931679821,2.021649596849332,3.4801426938169517,2.01753040064897,M14b_rheed_density_weighted,auto→auto (strict LOO),automatic_v5_v8,automatic_v5_v8
FSMI_nm,6072,M14i_target_specific_robust,1.4268834691757484,2.8982065776539034,3.0954021243210765,1.2,1.6685186551453282,2.2899471032844887,0.39738870666598985,0.0,8.541437749225294,5.446035624904217,True,False,22,2.1290691836401407,False,1.2915334835368413,0.7996937713928531,0.9394638351318014,1.937843406593407,1.065922215905018,0.06949364341060595,0.9328660632122328,0.2807436157782449,0.7463302705934587,6.511100679624296,0.7965311722913969,0.45089031534181057,1.5771773991807763,2.1534299052563015,3.4801426938169517,1.9029652946361755,M14b_rheed_density_weighted,auto→auto (strict LOO),automatic_v5_v8,automatic_v5_v8
FSMI_nm,6078,M14i_target_specific_robust,1.3924063210314295,2.2065443844405945,2.2476594865717012,1.2,0.8552531655402718,1.3139564839377207,0.9507851461342105,0.0,5.299500756801903,3.051841270230202,True,False,22,2.13398060964516,False,0.049517235853434365,1.0842537697380228,1.1108801368000976,3.7837837837832793,1.1001587771822139,0.8207150803783376,0.440116823050177,0.08308851557868435,0.2277535888248512,4.586670225403833,-0.34793006835609075,1.0,1.5771773991807763,2.1534299052563015,3.4801426938169517,1.9029652946361755,M14b_rheed_density_weighted,auto→auto (strict LOO),automatic_v5_v8,automatic_v5_v8
FSMI_nm,6080,M14i_target_specific_robust,3.486930250089525,1.1461055399089175,1.0452670569249554,1.2,2.44166319316457,2.613534246159801,0.2678791068778931,0.0,8.405462195308113,7.360195138383157,True,False,22,1.8323028641694696,False,1.5562490468212695,1.098157999453276,1.1515268572774728,2.7447638760670627,1.0657070999660698,1.0983270916926935,0.3334284125493134,0.2982993808249058,0.8147255783024294,8.126628753221661,1.5562490468212695,0.2109257618855042,1.4626122931679821,2.021649596849332,3.3313484849472355,1.8687361917792533,M14b_rheed_density_weighted,auto→auto (strict LOO),automatic_v5_v8,automatic_v5_v8
FSMI_nm,6081,M14i_target_specific_robust,0.8928726233487373,3.0937176511380273,3.3241237680143287,1.2,2.4312511446655916,1.9749805313215414,0.570218087679813,0.0,7.923052874461776,4.598929106447447,True,False,22,1.9716836831277247,False,0.6151945419382175,0.5420860004334923,0.6139795032287068,0.9777777777776387,0.5641594482298895,-1.094350284015894,1.0,0.0808245814064805,0.21683734281426348,4.156463911085187,-0.5345734880638678,1.0,1.5771773991807763,2.1534299052563015,3.4801426938169517,1.9029652946361755,M14b_rheed_density_weighted,auto→auto (strict LOO),automatic_v5_v8,automatic_v5_v8
FSMI_nm,6082,M14i_target_specific_robust,1.5697987651446832,1.7006475314003466,1.639420397497561,1.2,0.06962163235287777,3.2090939672305923,0.18890218833603756,0.0,8.139551967246142,6.50013156974858,True,False,22,2.209816285585976,False,1.4506395880615062,0.9860308708708694,1.0255374083854862,2.594771184276572,1.0461690912647446,0.28265451299845007,0.7537801641275516,0.1051501725591028,0.28537848288152423,7.678178809992343,1.4506395880615062,0.2344203077058943,1.469990927204075,2.1534299052563015,3.4801426938169517,2.0101517666128768,M14b_rheed_density_weighted,auto→auto (strict LOO),automatic_v5_v8,automatic_v5_v8
FSMI_nm,6084,M14i_target_specific_robust,1.3458682689199004,2.652750549536299,2.8342823180166885,1.2,1.488414049096788,1.6918101979022064,0.7364062065729531,0.0,6.829194613607557,3.994912295590868,True,False,22,2.212551317510182,False,0.3577849867674849,0.39548478732952447,0.580438337200404,0.9090909090909091,0.6577313521140219,-1.349752801022737,1.0,0.08888766104605872,0.25806257996180315,4.5988378369776415,-0.28325490591633756,1.0,1.5771773991807763,2.1534299052563015,3.4801426938169517,1.9029652946361755,M14b_rheed_density_weighted,auto→auto (strict LOO),automatic_v5_v8,automatic_v5_v8
FSMI_nm,6085,M14i_target_specific_robust,1.86691079236755,2.770150249202363,2.8721183989241736,1.2,1.0052076065566236,1.3889338518381606,0.7777355618725879,0.0,5.868589580561492,2.996471181637318,True,False,22,2.071476252576971,False,0.3562218906028355,0.7252440485226641,0.7549637478351237,1.798937092295606,0.7503016816180043,-0.55165184575016,1.0,0.026309452172209515,0.07382152134556574,3.0770133207448396,-1.5953080735848788,1.0,1.4626122931679821,2.1534299052563015,3.4801426938169517,2.01753040064897,M14b_rheed_density_weighted,auto→auto (strict LOO),automatic_v5_v8,automatic_v5_v8
FSMI_nm,6090,M14i_target_specific_robust,2.022297889711494,1.4436998400586687,1.3398152404577015,1.2,0.6824826492537923,1.342596415888554,1.0,0.0,4.389948600025987,3.0501333595682847,True,False,22,2.1886029158773437,False,0.0,1.520980293839245,1.538095075330532,4.0,1.7374859902953244,1.9689664544805805,0.1396010657346585,0.25458918247621304,0.763366509192914,4.269820008817905,-0.46477144056093694,1.0,1.4626122931679821,2.15278161239414,3.4801426938169517,2.01753040064897,M14b_rheed_density_weighted,auto→auto (strict LOO),automatic_v5_v8,automatic_v5_v8
FSMI_nm,6094,M14i_target_specific_robust,3.459780024999232,2.21654140240068,2.283742854058892,1.2,1.1760371709403397,1.7978582853487377,0.47993572265063617,0.0,7.6570431387793265,5.373300284720434,True,False,22,2.028389286840044,False,0.9860295506847325,0.618158159779438,0.6739278428968691,2.2497861870565496,0.7975590826411094,-0.9394428163512432,1.0,0.1420332731973721,0.3809495868659367,6.836321231576753,0.8472897193946242,0.4285749175824503,1.4626122931679821,2.021649596849332,3.3517111537649553,1.8890988605969732,M14b_rheed_density_weighted,auto→auto (strict LOO),automatic_v5_v8,automatic_v5_v8
FSMI_nm,6095,M14i_target_specific_robust,7.857275141594466,2.02958318654128,2.0835860558799433,1.2,5.773689085714523,1.6981826541431033,0.8176743205287602,0.0,4.626297092939234,2.542711037059291,False,False,22,2.1174776721802666,False,0.23503727233999486,0.723588128123839,0.8818614849889176,1.8882209378692947,0.9419363449633334,-0.09634300734240565,1.0,0.3617076437893758,0.9836650744391933,5.42606394132343,0.20189377177363596,0.817181731097594,1.4626122931679821,2.021649596849332,3.3313484849472355,1.8687361917792533,M14b_rheed_density_weighted,auto→auto (strict LOO),automatic_v5_v8,automatic_v5_v8
FSMI_nm,6099,M14i_target_specific_robust,8.69575314178455,2.2088839006503225,2.299398485557194,1.2,6.396354656227356,2.0400813673319025,0.40306870788347016,0.0,7.776326186711147,5.476927701153953,False,False,22,1.7882352514039945,False,1.2728077156614317,0.6154994166817899,0.623420906635436,1.3017888055395301,0.7159833202805083,-1.1472599512704087,1.0,0.19045123913337733,0.5108624299057569,6.901320957144146,1.1241784495672096,0.32491929532472225,1.4626122931679821,2.021649596849332,3.3313484849472355,1.8687361917792533,M14b_rheed_density_weighted,auto→auto (strict LOO),automatic_v5_v8,automatic_v5_v8
FSMI_nm,6101,M14i_target_specific_robust,0.3286650711030523,3.0680262644288057,3.277189220450243,1.2,2.9485241493471905,1.4842296409138727,0.5034126563149722,0.0,8.097167957902574,4.819978737452332,True,False,22,1.715337349462375,False,0.8459174385787855,1.152040166194876,1.232656320004378,3.1555555555548027,1.1908582212738898,1.3550497778249864,0.2579344547161164,0.41945846599393405,1.115235670913781,5.56461793151509,0.25538679760417393,0.7746168200773148,1.5771773991807763,2.1534299052563015,3.4801426938169517,1.9029652946361755,M14b_rheed_density_weighted,auto→auto (strict LOO),automatic_v5_v8,automatic_v5_v8
FSMI_nm,6022,M14i_target_specific_robust,1.2832086750870029,0.2695474411324528,0.17303940627567627,1.2,1.1101692688113265,4.614859329448212,0.006280046031240821,0.0,10.268945293205133,10.095905886929458,True,False,22,,,3.7994880827725255,2.905575296694609,10.034076188814572,52.873362445419495,14.807441088932617,43.08137578785022,1.9498276402167932e-19,0.9704858445272544,2.7268544225255216,11.196827941529307,3.7994880827725255,0.02238222677140474,1.5771773991807763,2.1534299052563015,3.4801426938169517,1.9029652946361755,M14b_rheed_density_weighted,human→auto (strict cross-domain LOO),human,automatic_v5_v8
FSMI_nm,6028,M14i_target_specific_robust,4.415429811910861,3.1358843606053175,3.2152007904718074,1.2,1.2002290214390534,1.794568998357802,0.37314238014387163,0.0,7.8449391970727005,4.629738406600893,True,False,22,,,0.6386943212600149,1.1661367709654862,1.2274217485915402,4.126490182795732,2.1113801014310254,1.2773466989088906,0.2787759966842448,0.044332757359419446,0.140561538266599,3.645765828005363,-1.6804470977325399,1.0,1.4626122931679821,2.021649596849332,3.3313484849472355,1.8687361917792533,M14b_rheed_density_weighted,human→auto (strict cross-domain LOO),human,automatic_v5_v8
FSMI_nm,6029,M14i_target_specific_robust,2.0210013039871706,0.08678475099091632,0.049955179462728865,1.2,1.9710461245244417,0.9167332214712374,1.0,0.0,2.7050132427478677,2.655058063285139,True,False,22,,,0.0,6.114448924227104,12.532610276276436,62.023529411771506,18.917557200738635,62.07559885202161,1.0987780061763272e-27,1.1407712694847958,3.071417425075011,4.748693262263154,-0.7738461649477473,1.0,1.4626122931679821,2.1534299052563015,3.4801426938169517,2.01753040064897,M14b_rheed_density_weighted,human→auto (strict cross-domain LOO),human,automatic_v5_v8
FSMI_nm,6033,M14i_target_specific_robust,1.8207478300807216,1.7158173977397784,1.5699106414389934,1.2,0.2508371886417282,0.97738084741689,1.0,0.0,3.9272785074315113,2.3573678659925177,True,False,22,,,0.0,1.417187083189471,1.803313733151669,5.497556055551265,3.4072190886508196,3.4728417702903336,0.03102872873412581,0.13482264204899883,0.39806286289089543,4.638514597195473,-0.6873177720940006,1.0,1.4626122931679821,2.1534299052563015,3.4801426938169517,2.01753040064897,M14b_rheed_density_weighted,human→auto (strict cross-domain LOO),human,automatic_v5_v8
FSMI_nm,6047,M14i_target_specific_robust,2.946053864791246,2.247237126787382,2.231069379068404,1.2,0.7149844857228422,1.0202137162053062,0.867934710585416,0.0,4.9315784222022225,2.7005090431338186,True,False,22,,,0.1038000627657004,0.5217054711375929,0.6252262487229633,0.8751632734202457,0.9214610554167454,-1.265579501777411,1.0,0.02458663386734522,0.06828247008452104,3.6396042113281215,-1.9407423947843945,1.0,1.4626122931679821,2.021649596849332,3.4801426938169517,2.01753040064897,M14b_rheed_density_weighted,human→auto (strict cross-domain LOO),human,automatic_v5_v8
FSMI_nm,6048,M14i_target_specific_robust,1.599313301289055,2.332540213113509,2.290064149058376,1.2,0.6907508477693209,1.6358118477478065,0.5109015382673096,0.0,6.226670704058241,3.9366065549998654,True,False,22,,,0.775007609019414,1.0820851365694757,1.115516166272491,3.6760826779939415,1.639946145568609,0.9342903658951144,0.3928645567234876,0.10745025317877055,0.3206275134559027,6.493170201471837,0.7072840972655767,0.49298127013901577,1.4626122931679821,2.1534299052563015,3.4801426938169517,2.01753040064897,M14b_rheed_density_weighted,human→auto (strict cross-domain LOO),human,automatic_v5_v8
FSMI_nm,6056,M14i_target_specific_robust,2.284561920801109,2.8433375872654123,2.899394609445316,1.2,0.6148326886442068,1.5224558136316595,0.5838060894108786,0.0,6.5676366405764455,3.6682420311311295,True,False,22,,,0.43505912590642676,1.0677657128188807,1.111185013938058,3.0912834558244344,1.5676420492238705,0.776441771827326,0.46004002987059617,0.18860624167226817,0.5371218941740393,3.47418495461481,-1.857457439972318,1.0,1.4626122931679821,2.021649596849332,3.4801426938169517,2.01753040064897,M14b_rheed_density_weighted,human→auto (strict cross-domain LOO),human,automatic_v5_v8
FSMI_nm,6057,M14i_target_specific_robust,3.4970517461895976,2.7158299128209524,2.777892421979632,1.2,0.7191593242099654,1.161332050954655,0.6892382875862831,0.13400112477376647,5.421783719185498,2.6438912972058657,True,False,22,,,0.40468142504923027,0.932403374371631,1.0139983679836064,1.875710246411428,1.4048713161970636,0.1401786168370759,0.8692029672476789,0.1465864506391703,0.42426916237006485,3.1458766325463885,-3.2459684048169524,1.0,1.4626122931679821,2.021649596849332,3.3313484849472355,1.8687361917792533,M14b_rheed_density_weighted,human→auto (strict cross-domain LOO),human,automatic_v5_v8
FSMI_nm,6062,M14i_target_specific_robust,2.9196668297119017,2.1811228658621102,2.10205232137962,1.2,0.8176145083322819,0.831800436489903,0.9512142049339003,0.0,5.202570131010851,3.100517809631231,True,False,22,,,0.03985205105431117,0.9379290244536276,0.9913416059894885,2.802358341959585,1.6174280494762991,0.04024359377065074,0.9605554253333501,0.12825924526085017,0.35929124958233727,3.773005807473371,-1.0787413332197482,1.0,1.4626122931679821,2.021649596849332,3.4801426938169517,2.01753040064897,M14b_rheed_density_weighted,human→auto (strict cross-domain LOO),human,automatic_v5_v8
FSMI_nm,6063,M14i_target_specific_robust,4.4421744453751355,1.0946607819653476,0.947686503164758,1.2,3.4944879422103776,0.5443443228626408,1.0,0.0,2.1609055994129673,1.2132190962482094,False,False,22,,,0.0,2.6664714591509915,2.89552293468167,8.883491907864183,5.15396272064431,8.21701739195213,0.0002700192265782433,0.3752369223077713,0.998766546773269,5.547473829475604,-0.10774413806470833,1.0,1.4626122931679821,2.021649596849332,3.3313484849472355,1.8687361917792533,M14b_rheed_density_weighted,human→auto (strict cross-domain LOO),human,automatic_v5_v8
FSMI_nm,6070,M14i_target_specific_robust,2.307992993047587,2.3182748225734433,2.2609685344076125,1.2,0.0470244586399744,0.8963279267878254,0.8644435215229553,0.0,5.762089505266743,3.50112097085913,True,False,22,,,0.11861974296957291,0.983825157479593,1.047072162978027,1.782227165812584,1.5496486555976081,0.34361065122011847,0.7092050024037885,0.1320053320178426,0.40105199280453063,4.80388151850419,-0.5464537955979023,1.0,1.4626122931679821,2.021649596849332,3.4801426938169517,2.01753040064897,M14b_rheed_density_weighted,human→auto (strict cross-domain LOO),human,automatic_v5_v8
FSMI_nm,6072,M14i_target_specific_robust,1.4268834691757484,1.8385845024485588,1.7329213494834892,1.2,0.3060378803077408,1.9984601087276719,0.2812107946393417,0.0,7.003906569841686,5.270985220358196,True,False,22,,,1.0297088834260801,1.0423271652357682,1.1469254713734693,2.980037528412131,2.0119124331445017,0.7350029199705967,0.4795040588350971,0.04298352823821336,0.13665804633780965,6.547533977946212,1.0297088834260801,0.3571109063418083,1.5771773991807763,2.1534299052563015,3.4801426938169517,1.9029652946361755,M14b_rheed_density_weighted,human→auto (strict cross-domain LOO),human,automatic_v5_v8
FSMI_nm,6078,M14i_target_specific_robust,1.3924063210314295,3.295504555852396,3.3663681766346034,1.2,1.973961855603174,1.3830002545528195,0.49414932003978673,0.0,6.939381105138354,3.573012928503751,True,False,22,,,0.6373937952505863,1.3344877477911157,1.3537236585448749,4.645161290322015,2.2836031663248915,1.9323109048254836,0.14481316207905873,0.04390546537535906,0.13205700256167385,4.685159029791627,-1.3161434230979903,1.0,1.5771773991807763,2.1534299052563015,3.4801426938169517,1.9029652946361755,M14b_rheed_density_weighted,human→auto (strict cross-domain LOO),human,automatic_v5_v8
FSMI_nm,6080,M14i_target_specific_robust,3.486930250089525,1.4384586664551444,1.311903876230812,1.2,2.1750263738587132,1.1719601538039468,0.6847252454465899,0.0,4.434697453449352,3.12279357721854,True,False,22,,,0.3041554762652084,1.10483256528914,1.1869019005366124,3.534365110635393,2.3654541529300452,0.8317406877874386,0.43529092088432875,0.19648229290318825,0.5455511291200946,5.988342790638872,0.3041554762652084,0.7377461555164769,1.4626122931679821,2.021649596849332,3.3313484849472355,1.8687361917792533,M14b_rheed_density_weighted,human→auto (strict cross-domain LOO),human,automatic_v5_v8
FSMI_nm,6081,M14i_target_specific_robust,0.8928726233487373,2.5446209780910034,2.4997945350050697,1.2,1.6069219116563325,1.11059214528562,0.5295857629328479,0.0,5.755019387358152,3.2552248523530825,True,False,22,,,0.607029164446128,0.6486622722598764,0.7083815450389991,1.2000000000000661,1.0466729052618389,-1.1329066577151095,1.0,0.15664399150453612,0.4302053915133396,6.029455793645329,0.42501605536576037,0.6537592887010861,1.5771773991807763,2.1534299052563015,3.4801426938169517,1.9029652946361755,M14b_rheed_density_weighted,human→auto (strict cross-domain LOO),human,automatic_v5_v8
FSMI_nm,6082,M14i_target_specific_robust,1.5697987651446832,1.7515098704700345,1.6584477516296445,1.2,0.08864898648496133,1.6188075500480403,0.4611953940193579,0.0,5.916870389270978,4.258422637641334,True,False,22,,,0.6324226738721915,1.1285508239368038,1.2684144158882342,4.292888279698759,2.3096455451242175,1.2952335491449862,0.27383390318874323,0.05806137154041568,0.17454544779911818,6.393012772903728,0.6324226738721915,0.5313030664881138,1.469990927204075,2.1534299052563015,3.4801426938169517,2.0101517666128768,M14b_rheed_density_weighted,human→auto (strict cross-domain LOO),human,automatic_v5_v8
FSMI_nm,6084,M14i_target_specific_robust,1.3458682689199004,2.1675770426962786,2.105299353765186,1.2,0.7594310848452857,0.9334580598736009,1.0,0.09126651318753343,4.119332194342839,2.0140328405776526,True,False,22,,,0.0,0.47062754522427147,0.5575296628030436,0.764227642276115,1.0066088580112629,-1.5457235070246442,1.0,0.028934913732300165,0.09146536267501881,5.45039075949427,-0.08508384276274024,1.0,1.5771773991807763,2.1534299052563015,3.4801426938169517,1.9029652946361755,M14b_rheed_density_weighted,human→auto (strict cross-domain LOO),human,automatic_v5_v8
FSMI_nm,6085,M14i_target_specific_robust,1.86691079236755,2.5440037704824197,2.5175178707531662,1.2,0.6506070783856162,1.0133382488133271,0.837343295160513,0.38550861860100216,4.64952712290533,2.132009252152164,True,False,22,,,0.18046219545427925,0.6768596808851173,0.7747757185639395,1.4171782401249953,1.2842989461091951,-0.7383947316392313,1.0,0.02221698035252457,0.07072567149184317,3.182372595959135,-2.105444832996079,1.0,1.4626122931679821,2.1534299052563015,3.4801426938169517,2.01753040064897,M14b_rheed_density_weighted,human→auto (strict cross-domain LOO),human,automatic_v5_v8
FSMI_nm,6090,M14i_target_specific_robust,2.022297889711494,3.800677164235247,3.8969439608265874,1.2,1.8746460711150936,2.012772170297072,0.2723137008886966,0.17108424239861364,7.622803679254561,3.725859718427974,True,False,22,,,0.8645036267465466,0.9204956694619235,1.2408684945097208,4.533333333332618,2.489797121083584,1.076942484954973,0.3406354330299377,0.037381354602464105,0.10893866362600502,4.636773715589373,-0.7076598060810817,1.0,1.4626122931679821,2.15278161239414,3.4801426938169517,2.01753040064897,M14b_rheed_density_weighted,human→auto (strict cross-domain LOO),human,automatic_v5_v8
FSMI_nm,6094,M14i_target_specific_robust,3.459780024999232,2.186355597106823,2.2039767386168623,1.2,1.2558032863823696,1.8963864773751744,0.24384060313394854,0.0,7.005348337105152,4.80137159848829,True,False,22,,,1.2530896632070707,0.619045049674984,0.7524725085797469,1.786511413379339,1.1525651258559924,-1.0844387586500803,1.0,0.15885747592682656,0.4398718003182165,6.936748497230195,1.1565742581266225,0.3145619452125645,1.4626122931679821,2.021649596849332,3.3517111537649553,1.8890988605969732,M14b_rheed_density_weighted,human→auto (strict cross-domain LOO),human,automatic_v5_v8
FSMI_nm,6095,M14i_target_specific_robust,7.857275141594466,3.0526322549963663,3.1181854120011714,1.2,4.739089729593295,1.9704148493786968,0.3475017370094229,0.38722978176783496,5.849141042234508,2.7309556302333364,False,False,22,,,0.586779353862575,0.9522210713590747,0.9918035629074761,2.683285681970101,1.6602824590074565,-0.10653890396849239,1.0,0.07750565616985858,0.22214544138423342,5.660495893135038,-0.006570843046177183,1.0,1.4626122931679821,2.021649596849332,3.3313484849472355,1.8687361917792533,M14b_rheed_density_weighted,human→auto (strict cross-domain LOO),human,automatic_v5_v8
FSMI_nm,6099,M14i_target_specific_robust,8.69575314178455,2.1560841859158555,2.1220727989522623,1.2,6.573680342832288,3.710020775753987,0.013041370758553283,0.0,7.437657133592605,5.315584334640342,False,False,22,,,3.416379972030954,0.5735575966781259,0.7546308040140647,1.2032520325198046,1.2909428725725356,-1.1312950377473976,1.0,0.16679762615681637,0.46584228434819863,8.813111412938646,3.3626414066065236,0.034643630070114784,1.4626122931679821,2.021649596849332,3.3313484849472355,1.8687361917792533,M14b_rheed_density_weighted,human→auto (strict cross-domain LOO),human,automatic_v5_v8
FSMI_nm,6101,M14i_target_specific_robust,0.3286650711030523,2.207612520709654,2.2112006715332964,1.2,1.882535600430244,0.7925776945037437,0.9635275783489614,0.0,5.318987209031734,3.1077865374984373,True,False,22,,,0.03035828684833684,1.0697964706295742,1.1331124719959833,2.2962962962954006,3.7604732735184188,0.9358502674324962,0.39225220442628606,0.10679178473258796,0.31280564318911375,4.4806367084585,-0.7351730929066087,1.0,1.5771773991807763,2.1534299052563015,3.4801426938169517,1.9029652946361755,M14b_rheed_density_weighted,human→auto (strict cross-domain LOO),human,automatic_v5_v8
